chapter,verse,text
2,15,اللَّهُ يَسْتَهْزِئُ بِهِمْ وَيَمُدُّهُمْ فِي طُغْيَانِهِمْ يَعْمَهُونَ
2,17,مَثَلُهُمْ كَمَثَلِ الَّذِي اسْتَوْقَدَ نَارًا فَلَمَّا أَضَاءَتْ مَا حَوْلَهُ ذَهَبَ اللَّهُ بِنُورِهِمْ وَتَرَكَهُمْ فِي ظُلُمَاتٍ لَّا يُبْصِرُونَ
2,19,أَوْ كَصَيِّبٍ مِّنَ السَّمَاءِ فِيهِ ظُلُمَاتٌ وَرَعْدٌ وَبَرْقٌ يَجْعَلُونَ أَصَابِعَهُمْ فِي آذَانِهِم مِّنَ الصَّوَاعِقِ حَذَرَ الْمَوْتِ وَاللَّهُ مُحِيطٌ بِالْكَافِرِينَ
2,20,يَكَادُ الْبَرْقُ يَخْطَفُ أَبْصَارَهُمْ كُلَّمَا أَضَاءَ لَهُم مَّشَوْا فِيهِ وَإِذَا أَظْلَمَ عَلَيْهِمْ قَامُوا وَلَوْ شَاءَ اللَّهُ لَذَهَبَ بِسَمْعِهِمْ وَأَبْصَارِهِمْ إِنَّ اللَّهَ عَلَىٰ كُلِّ شَيْءٍ قَدِيرٌ
2,22,الَّذِي جَعَلَ لَكُمُ الْأَرْضَ فِرَاشًا وَالسَّمَاءَ بِنَاءً وَأَنزَلَ مِنَ السَّمَاءِ مَاءً فَأَخْرَجَ بِهِ مِنَ الثَّمَرَاتِ رِزْقًا لَّكُمْ فَلَا تَجْعَلُوا لِلَّهِ أَندَادًا وَأَنتُمْ تَعْلَمُونَ
2,35,وَقُلْنَا يَا آدَمُ اسْكُنْ أَنتَ وَزَوْجُكَ الْجَنَّةَ وَكُلَا مِنْهَا رَغَدًا حَيْثُ شِئْتُمَا وَلَا تَقْرَبَا هَـٰذِهِ الشَّجَرَةَ فَتَكُونَا مِنَ الظَّالِمِينَ
2,60,وَإِذِ اسْتَسْقَىٰ مُوسَىٰ لِقَوْمِهِ فَقُلْنَا اضْرِب بِّعَصَاكَ الْحَجَرَ فَانفَجَرَتْ مِنْهُ اثْنَتَا عَشْرَةَ عَيْنًا قَدْ عَلِمَ كُلُّ أُنَاسٍ مَّشْرَبَهُمْ كُلُوا وَاشْرَبُوا مِن رِّزْقِ اللَّهِ وَلَا تَعْثَوْا فِي الْأَرْضِ مُفْسِدِينَ
2,74,ثُمَّ قَسَتْ قُلُوبُكُم مِّن بَعْدِ ذَٰلِكَ فَهِيَ كَالْحِجَارَةِ أَوْ أَشَدُّ قَسْوَةً وَإِنَّ مِنَ الْحِجَارَةِ لَمَا يَتَفَجَّرُ مِنْهُ الْأَنْهَارُ وَإِنَّ مِنْهَا لَمَا يَشَّقَّقُ فَيَخْرُجُ مِنْهُ الْمَاءُ وَإِنَّ مِنْهَا لَمَا يَهْبِطُ مِنْ خَشْيَةِ اللَّهِ وَمَا اللَّهُ بِغَافِلٍ عَمَّا تَعْمَلُونَ
2,106,مَا نَنسَخْ مِنْ آيَةٍ أَوْ نُنسِهَا نَأْتِ بِخَيْرٍ مِّنْهَا أَوْ مِثْلِهَا أَلَمْ تَعْلَمْ أَنَّ اللَّهَ عَلَىٰ كُلِّ شَيْءٍ قَدِيرٌ
2,158,إِنَّ الصَّفَا وَالْمَرْوَةَ مِن شَعَائِرِ اللَّهِ فَمَنْ حَجَّ الْبَيْتَ أَوِ اعْتَمَرَ فَلَا جُنَاحَ عَلَيْهِ أَن يَطَّوَّفَ بِهِمَا وَمَن تَطَوَّعَ خَيْرًا فَإِنَّ اللَّهَ شَاكِرٌ عَلِيمٌ
2,164,إِنَّ فِي خَلْقِ السَّمَاوَاتِ وَالْأَرْضِ وَاخْتِلَافِ اللَّيْلِ وَالنَّهَارِ وَالْفُلْكِ الَّتِي تَجْرِي فِي الْبَحْرِ بِمَا يَنفَعُ النَّاسَ وَمَا أَنزَلَ اللَّهُ مِنَ السَّمَاءِ مِن مَّاءٍ فَأَحْيَا بِهِ الْأَرْضَ بَعْدَ مَوْتِهَا وَبَثَّ فِيهَا مِن كُلِّ دَابَّةٍ وَتَصْرِيفِ الرِّيَاحِ وَالسَّحَابِ الْمُسَخَّرِ بَيْنَ السَّمَاءِ وَالْأَرْضِ لَآيَاتٍ لِّقَوْمٍ يَعْقِلُونَ
2,184,أَيَّامًا مَّعْدُودَاتٍ فَمَن كَانَ مِنكُم مَّرِيضًا أَوْ عَلَىٰ سَفَرٍ فَعِدَّةٌ مِّنْ أَيَّامٍ أُخَرَ وَعَلَى الَّذِينَ يُطِيقُونَهُ فِدْيَةٌ طَعَامُ مِسْكِينٍ فَمَن تَطَوَّعَ خَيْرًا فَهُوَ خَيْرٌ لَّهُ وَأَن تَصُومُوا خَيْرٌ لَّكُمْ إِن كُنتُمْ تَعْلَمُونَ
2,185,شَهْرُ رَمَضَانَ الَّذِي أُنزِلَ فِيهِ الْقُرْآنُ هُدًى لِّلنَّاسِ وَبَيِّنَاتٍ مِّنَ الْهُدَىٰ وَالْفُرْقَانِ فَمَن شَهِدَ مِنكُمُ الشَّهْرَ فَلْيَصُمْهُ وَمَن كَانَ مَرِيضًا أَوْ عَلَىٰ سَفَرٍ فَعِدَّةٌ مِّنْ أَيَّامٍ أُخَرَ يُرِيدُ اللَّهُ بِكُمُ الْيُسْرَ وَلَا يُرِيدُ بِكُمُ الْعُسْرَ وَلِتُكْمِلُوا الْعِدَّةَ وَلِتُكَبِّرُوا اللَّهَ عَلَىٰ مَا هَدَاكُمْ وَلَعَلَّكُمْ تَشْكُرُونَ
2,187,أُحِلَّ لَكُمْ لَيْلَةَ الصِّيَامِ الرَّفَثُ إِلَىٰ نِسَائِكُمْ هُنَّ لِبَاسٌ لَّكُمْ وَأَنتُمْ لِبَاسٌ لَّهُنَّ عَلِمَ اللَّهُ أَنَّكُمْ كُنتُمْ تَخْتَانُونَ أَنفُسَكُمْ فَتَابَ عَلَيْكُمْ وَعَفَا عَنكُمْ فَالْآنَ بَاشِرُوهُنَّ وَابْتَغُوا مَا كَتَبَ اللَّهُ لَكُمْ وَكُلُوا وَاشْرَبُوا حَتَّىٰ يَتَبَيَّنَ لَكُمُ الْخَيْطُ الْأَبْيَضُ مِنَ الْخَيْطِ الْأَسْوَدِ مِنَ الْفَجْرِ ثُمَّ أَتِمُّوا الصِّيَامَ إِلَى اللَّيْلِ وَلَا تُبَاشِرُوهُنَّ وَأَنتُمْ عَاكِفُونَ فِي الْمَسَاجِدِ تِلْكَ حُدُودُ اللَّهِ فَلَا تَقْرَبُوهَا كَذَٰلِكَ يُبَيِّنُ اللَّهُ آيَاتِهِ لِلنَّاسِ لَعَلَّهُمْ يَتَّقُونَ
2,189,يَسْأَلُونَكَ عَنِ الْأَهِلَّةِ قُلْ هِيَ مَوَاقِيتُ لِلنَّاسِ وَالْحَجِّ وَلَيْسَ الْبِرُّ بِأَن تَأْتُوا الْبُيُوتَ مِن ظُهُورِهَا وَلَـٰكِنَّ الْبِرَّ مَنِ اتَّقَىٰ وَأْتُوا الْبُيُوتَ مِنْ أَبْوَابِهَا وَاتَّقُوا اللَّهَ لَعَلَّكُمْ تُفْلِحُونَ
2,196,وَأَتِمُّوا الْحَجَّ وَالْعُمْرَةَ لِلَّهِ فَإِنْ أُحْصِرْتُمْ فَمَا اسْتَيْسَرَ مِنَ الْهَدْيِ وَلَا تَحْلِقُوا رُءُوسَكُمْ حَتَّىٰ يَبْلُغَ الْهَدْيُ مَحِلَّهُ فَمَن كَانَ مِنكُم مَّرِيضًا أَوْ بِهِ أَذًى مِّن رَّأْسِهِ فَفِدْيَةٌ مِّن صِيَامٍ أَوْ صَدَقَةٍ أَوْ نُسُكٍ فَإِذَا أَمِنتُمْ فَمَن تَمَتَّعَ بِالْعُمْرَةِ إِلَى الْحَجِّ فَمَا اسْتَيْسَرَ مِنَ الْهَدْيِ فَمَن لَّمْ يَجِدْ فَصِيَامُ ثَلَاثَةِ أَيَّامٍ فِي الْحَجِّ وَسَبْعَةٍ إِذَا رَجَعْتُمْ تِلْكَ عَشَرَةٌ كَامِلَةٌ ذَٰلِكَ لِمَن لَّمْ يَكُنْ أَهْلُهُ حَاضِرِي الْمَسْجِدِ الْحَرَامِ وَاتَّقُوا اللَّهَ وَاعْلَمُوا أَنَّ اللَّهَ شَدِيدُ الْعِقَابِ
2,236,لَّا جُنَاحَ عَلَيْكُمْ إِن طَلَّقْتُمُ النِّسَاءَ مَا لَمْ تَمَسُّوهُنَّ أَوْ تَفْرِضُوا لَهُنَّ فَرِيضَةً وَمَتِّعُوهُنَّ عَلَى الْمُوسِعِ قَدَرُهُ وَعَلَى الْمُقْتِرِ قَدَرُهُ مَتَاعًا بِالْمَعْرُوفِ حَقًّا عَلَى الْمُحْسِنِينَ
2,239,فَإِنْ خِفْتُمْ فَرِجَالًا أَوْ رُكْبَانًا فَإِذَا أَمِنتُمْ فَاذْكُرُوا اللَّهَ كَمَا عَلَّمَكُم مَّا لَمْ تَكُونُوا تَعْلَمُونَ
2,259,أَوْ كَالَّذِي مَرَّ عَلَىٰ قَرْيَةٍ وَهِيَ خَاوِيَةٌ عَلَىٰ عُرُوشِهَا قَالَ أَنَّىٰ يُحْيِي هَـٰذِهِ اللَّهُ بَعْدَ مَوْتِهَا فَأَمَاتَهُ اللَّهُ مِائَةَ عَامٍ ثُمَّ بَعَثَهُ قَالَ كَمْ لَبِثْتَ قَالَ لَبِثْتُ يَوْمًا أَوْ بَعْضَ يَوْمٍ قَالَ بَل لَّبِثْتَ مِائَةَ عَامٍ فَانظُرْ إِلَىٰ طَعَامِكَ وَشَرَابِكَ لَمْ يَتَسَنَّهْ وَانظُرْ إِلَىٰ حِمَارِكَ وَلِنَجْعَلَكَ آيَةً لِّلنَّاسِ وَانظُرْ إِلَى الْعِظَامِ كَيْفَ نُنشِزُهَا ثُمَّ نَكْسُوهَا لَحْمًا فَلَمَّا تَبَيَّنَ لَهُ قَالَ أَعْلَمُ أَنَّ اللَّهَ عَلَىٰ كُلِّ شَيْءٍ قَدِيرٌ
2,266,أَيَوَدُّ أَحَدُكُمْ أَن تَكُونَ لَهُ جَنَّةٌ مِّن نَّخِيلٍ وَأَعْنَابٍ تَجْرِي مِن تَحْتِهَا الْأَنْهَارُ لَهُ فِيهَا مِن كُلِّ الثَّمَرَاتِ وَأَصَابَهُ الْكِبَرُ وَلَهُ ذُرِّيَّةٌ ضُعَفَاءُ فَأَصَابَهَا إِعْصَارٌ فِيهِ نَارٌ فَاحْتَرَقَتْ كَذَٰلِكَ يُبَيِّنُ اللَّهُ لَكُمُ الْآيَاتِ لَعَلَّكُمْ تَتَفَكَّرُونَ
3,5,إِنَّ اللَّهَ لَا يَخْفَىٰ عَلَيْهِ شَيْءٌ فِي الْأَرْضِ وَلَا فِي السَّمَاءِ
3,13,قَدْ كَانَ لَكُمْ آيَةٌ فِي فِئَتَيْنِ الْتَقَتَا فِئَةٌ تُقَاتِلُ فِي سَبِيلِ اللَّهِ وَأُخْرَىٰ كَافِرَةٌ يَرَوْنَهُم مِّثْلَيْهِمْ رَأْيَ الْعَيْنِ وَاللَّهُ يُؤَيِّدُ بِنَصْرِهِ مَن يَشَاءُ إِنَّ فِي ذَٰلِكَ لَعِبْرَةً لِّأُولِي الْأَبْصَارِ
3,27,تُولِجُ اللَّيْلَ فِي النَّهَارِ وَتُولِجُ النَّهَارَ فِي اللَّيْلِ وَتُخْرِجُ الْحَيَّ مِنَ الْمَيِّتِ وَتُخْرِجُ الْمَيِّتَ مِنَ الْحَيِّ وَتَرْزُقُ مَن تَشَاءُ بِغَيْرِ حِسَابٍ
4,3,وَإِنْ خِفْتُمْ أَلَّا تُقْسِطُوا فِي الْيَتَامَىٰ فَانكِحُوا مَا طَابَ لَكُم مِّنَ النِّسَاءِ مَثْنَىٰ وَثُلَاثَ وَرُبَاعَ فَإِنْ خِفْتُمْ أَلَّا تَعْدِلُوا فَوَاحِدَةً أَوْ مَا مَلَكَتْ أَيْمَانُكُمْ ذَٰلِكَ أَدْنَىٰ أَلَّا تَعُولُوا
4,15,وَاللَّاتِي يَأْتِينَ الْفَاحِشَةَ مِن نِّسَائِكُمْ فَاسْتَشْهِدُوا عَلَيْهِنَّ أَرْبَعَةً مِّنكُمْ فَإِن شَهِدُوا فَأَمْسِكُوهُنَّ فِي الْبُيُوتِ حَتَّىٰ يَتَوَفَّاهُنَّ الْمَوْتُ أَوْ يَجْعَلَ اللَّهُ لَهُنَّ سَبِيلًا
4,23,حُرِّمَتْ عَلَيْكُمْ أُمَّهَاتُكُمْ وَبَنَاتُكُمْ وَأَخَوَاتُكُمْ وَعَمَّاتُكُمْ وَخَالَاتُكُمْ وَبَنَاتُ الْأَخِ وَبَنَاتُ الْأُخْتِ وَأُمَّهَاتُكُمُ اللَّاتِي أَرْضَعْنَكُمْ وَأَخَوَاتُكُم مِّنَ الرَّضَاعَةِ وَأُمَّهَاتُ نِسَائِكُمْ وَرَبَائِبُكُمُ اللَّاتِي فِي حُجُورِكُم مِّن نِّسَائِكُمُ اللَّاتِي دَخَلْتُم بِهِنَّ فَإِن لَّمْ تَكُونُوا دَخَلْتُم بِهِنَّ فَلَا جُنَاحَ عَلَيْكُمْ وَحَلَائِلُ أَبْنَائِكُمُ الَّذِينَ مِنْ أَصْلَابِكُمْ وَأَن تَجْمَعُوا بَيْنَ الْأُخْتَيْنِ إِلَّا مَا قَدْ سَلَفَ إِنَّ اللَّهَ كَانَ غَفُورًا رَّحِيمًا
4,103,فَإِذَا قَضَيْتُمُ الصَّلَاةَ فَاذْكُرُوا اللَّهَ قِيَامًا وَقُعُودًا وَعَلَىٰ جُنُوبِكُمْ فَإِذَا اطْمَأْنَنتُمْ فَأَقِيمُوا الصَّلَاةَ إِنَّ الصَّلَاةَ كَانَتْ عَلَى الْمُؤْمِنِينَ كِتَابًا مَّوْقُوتًا
5,6,يَا أَيُّهَا الَّذِينَ آمَنُوا إِذَا قُمْتُمْ إِلَى الصَّلَاةِ فَاغْسِلُوا وُجُوهَكُمْ وَأَيْدِيَكُمْ إِلَى الْمَرَافِقِ وَامْسَحُوا بِرُءُوسِكُمْ وَأَرْجُلَكُمْ إِلَى الْكَعْبَيْنِ وَإِن كُنتُمْ جُنُبًا فَاطَّهَّرُوا وَإِن كُنتُم مَّرْضَىٰ أَوْ عَلَىٰ سَفَرٍ أَوْ جَاءَ أَحَدٌ مِّنكُم مِّنَ الْغَائِطِ أَوْ لَامَسْتُمُ النِّسَاءَ فَلَمْ تَجِدُوا مَاءً فَتَيَمَّمُوا صَعِيدًا طَيِّبًا فَامْسَحُوا بِوُجُوهِكُمْ وَأَيْدِيكُم مِّنْهُ مَا يُرِيدُ اللَّهُ لِيَجْعَلَ عَلَيْكُم مِّنْ حَرَجٍ وَلَـٰكِن يُرِيدُ لِيُطَهِّرَكُمْ وَلِيُتِمَّ نِعْمَتَهُ عَلَيْكُمْ لَعَلَّكُمْ تَشْكُرُونَ
5,31,فَبَعَثَ اللَّهُ غُرَابًا يَبْحَثُ فِي الْأَرْضِ لِيُرِيَهُ كَيْفَ يُوَارِي سَوْءَةَ أَخِيهِ قَالَ يَا وَيْلَتَىٰ أَعَجَزْتُ أَنْ أَكُونَ مِثْلَ هَـٰذَا الْغُرَابِ فَأُوَارِيَ سَوْءَةَ أَخِي فَأَصْبَحَ مِنَ النَّادِمِينَ
5,89,لَا يُؤَاخِذُكُمُ اللَّهُ بِاللَّغْوِ فِي أَيْمَانِكُمْ وَلَـٰكِن يُؤَاخِذُكُم بِمَا عَقَّدتُّمُ الْأَيْمَانَ فَكَفَّارَتُهُ إِطْعَامُ عَشَرَةِ مَسَاكِينَ مِنْ أَوْسَطِ مَا تُطْعِمُونَ أَهْلِيكُمْ أَوْ كِسْوَتُهُمْ أَوْ تَحْرِيرُ رَقَبَةٍ فَمَن لَّمْ يَجِدْ فَصِيَامُ ثَلَاثَةِ أَيَّامٍ ذَٰلِكَ كَفَّارَةُ أَيْمَانِكُمْ إِذَا حَلَفْتُمْ وَاحْفَظُوا أَيْمَانَكُمْ كَذَٰلِكَ يُبَيِّنُ اللَّهُ لَكُمْ آيَاتِهِ لَعَلَّكُمْ تَشْكُرُونَ
5,96,أُحِلَّ لَكُمْ صَيْدُ الْبَحْرِ وَطَعَامُهُ مَتَاعًا لَّكُمْ وَلِلسَّيَّارَةِ وَحُرِّمَ عَلَيْكُمْ صَيْدُ الْبَرِّ مَا دُمْتُمْ حُرُمًا وَاتَّقُوا اللَّهَ الَّذِي إِلَيْهِ تُحْشَرُونَ
6,6,أَلَمْ يَرَوْا كَمْ أَهْلَكْنَا مِن قَبْلِهِم مِّن قَرْنٍ مَّكَّنَّاهُمْ فِي الْأَرْضِ مَا لَمْ نُمَكِّن لَّكُمْ وَأَرْسَلْنَا السَّمَاءَ عَلَيْهِم مِّدْرَارًا وَجَعَلْنَا الْأَنْهَارَ تَجْرِي مِن تَحْتِهِمْ فَأَهْلَكْنَاهُم بِذُنُوبِهِمْ وَأَنشَأْنَا مِن بَعْدِهِمْ قَرْنًا آخَرِينَ
6,9,وَلَوْ جَعَلْنَاهُ مَلَكًا لَّجَعَلْنَاهُ رَجُلًا وَلَلَبَسْنَا عَلَيْهِم مَّا يَلْبِسُونَ
6,61,وَهُوَ الْقَاهِرُ فَوْقَ عِبَادِهِ وَيُرْسِلُ عَلَيْكُمْ حَفَظَةً حَتَّىٰ إِذَا جَاءَ أَحَدَكُمُ الْمَوْتُ تَوَفَّتْهُ رُسُلُنَا وَهُمْ لَا يُفَرِّطُونَ
6,65,قُلْ هُوَ الْقَادِرُ عَلَىٰ أَن يَبْعَثَ عَلَيْكُمْ عَذَابًا مِّن فَوْقِكُمْ أَوْ مِن تَحْتِ أَرْجُلِكُمْ أَوْ يَلْبِسَكُمْ شِيَعًا وَيُذِيقَ بَعْضَكُم بَأْسَ بَعْضٍ انظُرْ كَيْفَ نُصَرِّفُ الْآيَاتِ لَعَلَّهُمْ يَفْقَهُونَ
6,95,إِنَّ اللَّهَ فَالِقُ الْحَبِّ وَالنَّوَىٰ يُخْرِجُ الْحَيَّ مِنَ الْمَيِّتِ وَمُخْرِجُ الْمَيِّتِ مِنَ الْحَيِّ ذَٰلِكُمُ اللَّهُ فَأَنَّىٰ تُؤْفَكُونَ
6,96,فَالِقُ الْإِصْبَاحِ وَجَعَلَ اللَّيْلَ سَكَنًا وَالشَّمْسَ وَالْقَمَرَ حُسْبَانًا ذَٰلِكَ تَقْدِيرُ الْعَزِيزِ الْعَلِيمِ
6,99,وَهُوَ الَّذِي أَنزَلَ مِنَ السَّمَاءِ مَاءً فَأَخْرَجْنَا بِهِ نَبَاتَ كُلِّ شَيْءٍ فَأَخْرَجْنَا مِنْهُ خَضِرًا نُّخْرِجُ مِنْهُ حَبًّا مُّتَرَاكِبًا وَمِنَ النَّخْلِ مِن طَلْعِهَا قِنْوَانٌ دَانِيَةٌ وَجَنَّاتٍ مِّنْ أَعْنَابٍ وَالزَّيْتُونَ وَالرُّمَّانَ مُشْتَبِهًا وَغَيْرَ مُتَشَابِهٍ انظُرُوا إِلَىٰ ثَمَرِهِ إِذَا أَثْمَرَ وَيَنْعِهِ إِنَّ فِي ذَٰلِكُمْ لَآيَاتٍ لِّقَوْمٍ يُؤْمِنُونَ
6,110,وَنُقَلِّبُ أَفْئِدَتَهُمْ وَأَبْصَارَهُمْ كَمَا لَمْ يُؤْمِنُوا بِهِ أَوَّلَ مَرَّةٍ وَنَذَرُهُمْ فِي طُغْيَانِهِمْ يَعْمَهُونَ
6,138,وَقَالُوا هَـٰذِهِ أَنْعَامٌ وَحَرْثٌ حِجْرٌ لَّا يَطْعَمُهَا إِلَّا مَن نَّشَاءُ بِزَعْمِهِمْ وَأَنْعَامٌ حُرِّمَتْ ظُهُورُهَا وَأَنْعَامٌ لَّا يَذْكُرُونَ اسْمَ اللَّهِ عَلَيْهَا افْتِرَاءً عَلَيْهِ سَيَجْزِيهِم بِمَا كَانُوا يَفْتَرُونَ
6,139,وَقَالُوا مَا فِي بُطُونِ هَـٰذِهِ الْأَنْعَامِ خَالِصَةٌ لِّذُكُورِنَا وَمُحَرَّمٌ عَلَىٰ أَزْوَاجِنَا وَإِن يَكُن مَّيْتَةً فَهُمْ فِيهِ شُرَكَاءُ سَيَجْزِيهِمْ وَصْفَهُمْ إِنَّهُ حَكِيمٌ عَلِيمٌ
6,141,وَهُوَ الَّذِي أَنشَأَ جَنَّاتٍ مَّعْرُوشَاتٍ وَغَيْرَ مَعْرُوشَاتٍ وَالنَّخْلَ وَالزَّرْعَ مُخْتَلِفًا أُكُلُهُ وَالزَّيْتُونَ وَالرُّمَّانَ مُتَشَابِهًا وَغَيْرَ مُتَشَابِهٍ كُلُوا مِن ثَمَرِهِ إِذَا أَثْمَرَ وَآتُوا حَقَّهُ يَوْمَ حَصَادِهِ وَلَا تُسْرِفُوا إِنَّهُ لَا يُحِبُّ الْمُسْرِفِينَ
6,146,وَعَلَى الَّذِينَ هَادُوا حَرَّمْنَا كُلَّ ذِي ظُفُرٍ وَمِنَ الْبَقَرِ وَالْغَنَمِ حَرَّمْنَا عَلَيْهِمْ شُحُومَهُمَا إِلَّا مَا حَمَلَتْ ظُهُورُهُمَا أَوِ الْحَوَايَا أَوْ مَا اخْتَلَطَ بِعَظْمٍ ذَٰلِكَ جَزَيْنَاهُم بِبَغْيِهِمْ وَإِنَّا لَصَادِقُونَ
7,10,وَلَقَدْ مَكَّنَّاكُمْ فِي الْأَرْضِ وَجَعَلْنَا لَكُمْ فِيهَا مَعَايِشَ قَلِيلًا مَّا تَشْكُرُونَ
7,19,وَيَا آدَمُ اسْكُنْ أَنتَ وَزَوْجُكَ الْجَنَّةَ فَكُلَا مِنْ حَيْثُ شِئْتُمَا وَلَا تَقْرَبَا هَـٰذِهِ الشَّجَرَةَ فَتَكُونَا مِنَ الظَّالِمِينَ
7,25,قَالَ فِيهَا تَحْيَوْنَ وَفِيهَا تَمُوتُونَ وَمِنْهَا تُخْرَجُونَ
7,26,يَا بَنِي آدَمَ قَدْ أَنزَلْنَا عَلَيْكُمْ لِبَاسًا يُوَارِي سَوْآتِكُمْ وَرِيشًا وَلِبَاسُ التَّقْوَىٰ ذَٰلِكَ خَيْرٌ ذَٰلِكَ مِنْ آيَاتِ اللَّهِ لَعَلَّهُمْ يَذَّكَّرُونَ
7,27,يَا بَنِي آدَمَ لَا يَفْتِنَنَّكُمُ الشَّيْطَانُ كَمَا أَخْرَجَ أَبَوَيْكُم مِّنَ الْجَنَّةِ يَنزِعُ عَنْهُمَا لِبَاسَهُمَا لِيُرِيَهُمَا سَوْآتِهِمَا إِنَّهُ يَرَاكُمْ هُوَ وَقَبِيلُهُ مِنْ حَيْثُ لَا تَرَوْنَهُمْ إِنَّا جَعَلْنَا الشَّيَاطِينَ أَوْلِيَاءَ لِلَّذِينَ لَا يُؤْمِنُونَ
7,31,يَا بَنِي آدَمَ خُذُوا زِينَتَكُمْ عِندَ كُلِّ مَسْجِدٍ وَكُلُوا وَاشْرَبُوا وَلَا تُسْرِفُوا إِنَّهُ لَا يُحِبُّ الْمُسْرِفِينَ
7,57,وَهُوَ الَّذِي يُرْسِلُ الرِّيَاحَ بُشْرًا بَيْنَ يَدَيْ رَحْمَتِهِ حَتَّىٰ إِذَا أَقَلَّتْ سَحَابًا ثِقَالًا سُقْنَاهُ لِبَلَدٍ مَّيِّتٍ فَأَنزَلْنَا بِهِ الْمَاءَ فَأَخْرَجْنَا بِهِ مِن كُلِّ الثَّمَرَاتِ كَذَٰلِكَ نُخْرِجُ الْمَوْتَىٰ لَعَلَّكُمْ تَذَكَّرُونَ
7,74,وَاذْكُرُوا إِذْ جَعَلَكُمْ خُلَفَاءَ مِن بَعْدِ عَادٍ وَبَوَّأَكُمْ فِي الْأَرْضِ تَتَّخِذُونَ مِن سُهُولِهَا قُصُورًا وَتَنْحِتُونَ الْجِبَالَ بُيُوتًا فَاذْكُرُوا آلَاءَ اللَّهِ وَلَا تَعْثَوْا فِي الْأَرْضِ مُفْسِدِينَ
7,108,وَنَزَعَ يَدَهُ فَإِذَا هِيَ بَيْضَاءُ لِلنَّاظِرِينَ
7,160,وَقَطَّعْنَاهُمُ اثْنَتَيْ عَشْرَةَ أَسْبَاطًا أُمَمًا وَأَوْحَيْنَا إِلَىٰ مُوسَىٰ إِذِ اسْتَسْقَاهُ قَوْمُهُ أَنِ اضْرِب بِّعَصَاكَ الْحَجَرَ فَانبَجَسَتْ مِنْهُ اثْنَتَا عَشْرَةَ عَيْنًا قَدْ عَلِمَ كُلُّ أُنَاسٍ مَّشْرَبَهُمْ وَظَلَّلْنَا عَلَيْهِمُ الْغَمَامَ وَأَنزَلْنَا عَلَيْهِمُ الْمَنَّ وَالسَّلْوَىٰ كُلُوا مِن طَيِّبَاتِ مَا رَزَقْنَاكُمْ وَمَا ظَلَمُونَا وَلَـٰكِن كَانُوا أَنفُسَهُمْ يَظْلِمُونَ
7,168,وَقَطَّعْنَاهُمْ فِي الْأَرْضِ أُمَمًا مِّنْهُمُ الصَّالِحُونَ وَمِنْهُمْ دُونَ ذَٰلِكَ وَبَلَوْنَاهُم بِالْحَسَنَاتِ وَالسَّيِّئَاتِ لَعَلَّهُمْ يَرْجِعُونَ
7,174,وَكَذَٰلِكَ نُفَصِّلُ الْآيَاتِ وَلَعَلَّهُمْ يَرْجِعُونَ
7,202,وَإِخْوَانُهُمْ يَمُدُّونَهُمْ فِي الْغَيِّ ثُمَّ لَا يُقْصِرُونَ
8,11,إِذْ يُغَشِّيكُمُ النُّعَاسَ أَمَنَةً مِّنْهُ وَيُنَزِّلُ عَلَيْكُم مِّنَ السَّمَاءِ مَاءً لِّيُطَهِّرَكُم بِهِ وَيُذْهِبَ عَنكُمْ رِجْزَ الشَّيْطَانِ وَلِيَرْبِطَ عَلَىٰ قُلُوبِكُمْ وَيُثَبِّتَ بِهِ الْأَقْدَامَ
8,26,وَاذْكُرُوا إِذْ أَنتُمْ قَلِيلٌ مُّسْتَضْعَفُونَ فِي الْأَرْضِ تَخَافُونَ أَن يَتَخَطَّفَكُمُ النَّاسُ فَآوَاكُمْ وَأَيَّدَكُم بِنَصْرِهِ وَرَزَقَكُم مِّنَ الطَّيِّبَاتِ لَعَلَّكُمْ تَشْكُرُونَ
8,43,إِذْ يُرِيكَهُمُ اللَّهُ فِي مَنَامِكَ قَلِيلًا وَلَوْ أَرَاكَهُمْ كَثِيرًا لَّفَشِلْتُمْ وَلَتَنَازَعْتُمْ فِي الْأَمْرِ وَلَـٰكِنَّ اللَّهَ سَلَّمَ إِنَّهُ عَلِيمٌ بِذَاتِ الصُّدُورِ
8,57,فَإِمَّا تَثْقَفَنَّهُمْ فِي الْحَرْبِ فَشَرِّدْ بِهِم مَّنْ خَلْفَهُمْ لَعَلَّهُمْ يَذَّكَّرُونَ
9,35,يَوْمَ يُحْمَىٰ عَلَيْهَا فِي نَارِ جَهَنَّمَ فَتُكْوَىٰ بِهَا جِبَاهُهُمْ وَجُنُوبُهُمْ وَظُهُورُهُمْ هَـٰذَا مَا كَنَزْتُمْ لِأَنفُسِكُمْ فَذُوقُوا مَا كُنتُمْ تَكْنِزُونَ
10,24,إِنَّمَا مَثَلُ الْحَيَاةِ الدُّنْيَا كَمَاءٍ أَنزَلْنَاهُ مِنَ السَّمَاءِ فَاخْتَلَطَ بِهِ نَبَاتُ الْأَرْضِ مِمَّا يَأْكُلُ النَّاسُ وَالْأَنْعَامُ حَتَّىٰ إِذَا أَخَذَتِ الْأَرْضُ زُخْرُفَهَا وَازَّيَّنَتْ وَظَنَّ أَهْلُهَا أَنَّهُمْ قَادِرُونَ عَلَيْهَا أَتَاهَا أَمْرُنَا لَيْلًا أَوْ نَهَارًا فَجَعَلْنَاهَا حَصِيدًا كَأَن لَّمْ تَغْنَ بِالْأَمْسِ كَذَٰلِكَ نُفَصِّلُ الْآيَاتِ لِقَوْمٍ يَتَفَكَّرُونَ
10,67,هُوَ الَّذِي جَعَلَ لَكُمُ اللَّيْلَ لِتَسْكُنُوا فِيهِ وَالنَّهَارَ مُبْصِرًا إِنَّ فِي ذَٰلِكَ لَآيَاتٍ لِّقَوْمٍ يَسْمَعُونَ
11,5,أَلَا إِنَّهُمْ يَثْنُونَ صُدُورَهُمْ لِيَسْتَخْفُوا مِنْهُ أَلَا حِينَ يَسْتَغْشُونَ ثِيَابَهُمْ يَعْلَمُ مَا يُسِرُّونَ وَمَا يُعْلِنُونَ إِنَّهُ عَلِيمٌ بِذَاتِ الصُّدُورِ
11,37,وَاصْنَعِ الْفُلْكَ بِأَعْيُنِنَا وَوَحْيِنَا وَلَا تُخَاطِبْنِي فِي الَّذِينَ ظَلَمُوا إِنَّهُم مُّغْرَقُونَ
11,38,وَيَصْنَعُ الْفُلْكَ وَكُلَّمَا مَرَّ عَلَيْهِ مَلَأٌ مِّن قَوْمِهِ سَخِرُوا مِنْهُ قَالَ إِن تَسْخَرُوا مِنَّا فَإِنَّا نَسْخَرُ مِنكُمْ كَمَا تَسْخَرُونَ
11,42,وَهِيَ تَجْرِي بِهِمْ فِي مَوْجٍ كَالْجِبَالِ وَنَادَىٰ نُوحٌ ابْنَهُ وَكَانَ فِي مَعْزِلٍ يَا بُنَيَّ ارْكَب مَّعَنَا وَلَا تَكُن مَّعَ الْكَافِرِينَ
11,43,قَالَ سَآوِي إِلَىٰ جَبَلٍ يَعْصِمُنِي مِنَ الْمَاءِ قَالَ لَا عَاصِمَ الْيَوْمَ مِنْ أَمْرِ اللَّهِ إِلَّا مَن رَّحِمَ وَحَالَ بَيْنَهُمَا الْمَوْجُ فَكَانَ مِنَ الْمُغْرَقِينَ
11,44,وَقِيلَ يَا أَرْضُ ابْلَعِي مَاءَكِ وَيَا سَمَاءُ أَقْلِعِي وَغِيضَ الْمَاءُ وَقُضِيَ الْأَمْرُ وَاسْتَوَتْ عَلَى الْجُودِيِّ وَقِيلَ بُعْدًا لِّلْقَوْمِ الظَّالِمِينَ
11,65,فَعَقَرُوهَا فَقَالَ تَمَتَّعُوا فِي دَارِكُمْ ثَلَاثَةَ أَيَّامٍ ذَٰلِكَ وَعْدٌ غَيْرُ مَكْذُوبٍ
11,82,فَلَمَّا جَاءَ أَمْرُنَا جَعَلْنَا عَالِيَهَا سَافِلَهَا وَأَمْطَرْنَا عَلَيْهَا حِجَارَةً مِّن سِجِّيلٍ مَّنضُودٍ
12,41,يَا صَاحِبَيِ السِّجْنِ أَمَّا أَحَدُكُمَا فَيَسْقِي رَبَّهُ خَمْرًا وَأَمَّا الْآخَرُ فَيُصْلَبُ فَتَأْكُلُ الطَّيْرُ مِن رَّأْسِهِ قُضِيَ الْأَمْرُ الَّذِي فِيهِ تَسْتَفْتِيَانِ
12,43,وَقَالَ الْمَلِكُ إِنِّي أَرَىٰ سَبْعَ بَقَرَاتٍ سِمَانٍ يَأْكُلُهُنَّ سَبْعٌ عِجَافٌ وَسَبْعَ سُنبُلَاتٍ خُضْرٍ وَأُخَرَ يَابِسَاتٍ يَا أَيُّهَا الْمَلَأُ أَفْتُونِي فِي رُؤْيَايَ إِن كُنتُمْ لِلرُّؤْيَا تَعْبُرُونَ
12,46,يُوسُفُ أَيُّهَا الصِّدِّيقُ أَفْتِنَا فِي سَبْعِ بَقَرَاتٍ سِمَانٍ يَأْكُلُهُنَّ سَبْعٌ عِجَافٌ وَسَبْعِ سُنبُلَاتٍ خُضْرٍ وَأُخَرَ يَابِسَاتٍ لَّعَلِّي أَرْجِعُ إِلَى النَّاسِ لَعَلَّهُمْ يَعْلَمُونَ
12,47,قَالَ تَزْرَعُونَ سَبْعَ سِنِينَ دَأَبًا فَمَا حَصَدتُّمْ فَذَرُوهُ فِي سُنبُلِهِ إِلَّا قَلِيلًا مِّمَّا تَأْكُلُونَ
12,48,ثُمَّ يَأْتِي مِن بَعْدِ ذَٰلِكَ سَبْعٌ شِدَادٌ يَأْكُلْنَ مَا قَدَّمْتُمْ لَهُنَّ إِلَّا قَلِيلًا مِّمَّا تُحْصِنُونَ
12,70,فَلَمَّا جَهَّزَهُم بِجَهَازِهِمْ جَعَلَ السِّقَايَةَ فِي رَحْلِ أَخِيهِ ثُمَّ أَذَّنَ مُؤَذِّنٌ أَيَّتُهَا الْعِيرُ إِنَّكُمْ لَسَارِقُونَ
12,82,وَاسْأَلِ الْقَرْيَةَ الَّتِي كُنَّا فِيهَا وَالْعِيرَ الَّتِي أَقْبَلْنَا فِيهَا وَإِنَّا لَصَادِقُونَ
12,84,وَتَوَلَّىٰ عَنْهُمْ وَقَالَ يَا أَسَفَىٰ عَلَىٰ يُوسُفَ وَابْيَضَّتْ عَيْنَاهُ مِنَ الْحُزْنِ فَهُوَ كَظِيمٌ
13,3,وَهُوَ الَّذِي مَدَّ الْأَرْضَ وَجَعَلَ فِيهَا رَوَاسِيَ وَأَنْهَارًا وَمِن كُلِّ الثَّمَرَاتِ جَعَلَ فِيهَا زَوْجَيْنِ اثْنَيْنِ يُغْشِي اللَّيْلَ النَّهَارَ إِنَّ فِي ذَٰلِكَ لَآيَاتٍ لِّقَوْمٍ يَتَفَكَّرُونَ
13,4,وَفِي الْأَرْضِ قِطَعٌ مُّتَجَاوِرَاتٌ وَجَنَّاتٌ مِّنْ أَعْنَابٍ وَزَرْعٌ وَنَخِيلٌ صِنْوَانٌ وَغَيْرُ صِنْوَانٍ يُسْقَىٰ بِمَاءٍ وَاحِدٍ وَنُفَضِّلُ بَعْضَهَا عَلَىٰ بَعْضٍ فِي الْأُكُلِ إِنَّ فِي ذَٰلِكَ لَآيَاتٍ لِّقَوْمٍ يَعْقِلُونَ
13,12,هُوَ الَّذِي يُرِيكُمُ الْبَرْقَ خَوْفًا وَطَمَعًا وَيُنشِئُ السَّحَابَ الثِّقَالَ
13,15,وَلِلَّهِ يَسْجُدُ مَن فِي السَّمَاوَاتِ وَالْأَرْضِ طَوْعًا وَكَرْهًا وَظِلَالُهُم بِالْغُدُوِّ وَالْآصَالِ
13,17,أَنزَلَ مِنَ السَّمَاءِ مَاءً فَسَالَتْ أَوْدِيَةٌ بِقَدَرِهَا فَاحْتَمَلَ السَّيْلُ زَبَدًا رَّابِيًا وَمِمَّا يُوقِدُونَ عَلَيْهِ فِي النَّارِ ابْتِغَاءَ حِلْيَةٍ أَوْ مَتَاعٍ زَبَدٌ مِّثْلُهُ كَذَٰلِكَ يَضْرِبُ اللَّهُ الْحَقَّ وَالْبَاطِلَ فَأَمَّا الزَّبَدُ فَيَذْهَبُ جُفَاءً وَأَمَّا مَا يَنفَعُ النَّاسَ فَيَمْكُثُ فِي الْأَرْضِ كَذَٰلِكَ يَضْرِبُ اللَّهُ الْأَمْثَالَ
14,16,مِّن وَرَائِهِ جَهَنَّمُ وَيُسْقَىٰ مِن مَّاءٍ صَدِيدٍ
14,17,يَتَجَرَّعُهُ وَلَا يَكَادُ يُسِيغُهُ وَيَأْتِيهِ الْمَوْتُ مِن كُلِّ مَكَانٍ وَمَا هُوَ بِمَيِّتٍ وَمِن وَرَائِهِ عَذَابٌ غَلِيظٌ
14,24,أَلَمْ تَرَ كَيْفَ ضَرَبَ اللَّهُ مَثَلًا كَلِمَةً طَيِّبَةً كَشَجَرَةٍ طَيِّبَةٍ أَصْلُهَا ثَابِتٌ وَفَرْعُهَا فِي السَّمَاءِ
14,25,تُؤْتِي أُكُلَهَا كُلَّ حِينٍ بِإِذْنِ رَبِّهَا وَيَضْرِبُ اللَّهُ الْأَمْثَالَ لِلنَّاسِ لَعَلَّهُمْ يَتَذَكَّرُونَ
14,26,وَمَثَلُ كَلِمَةٍ خَبِيثَةٍ كَشَجَرَةٍ خَبِيثَةٍ اجْتُثَّتْ مِن فَوْقِ الْأَرْضِ مَا لَهَا مِن قَرَارٍ
14,32,اللَّهُ الَّذِي خَلَقَ السَّمَاوَاتِ وَالْأَرْضَ وَأَنزَلَ مِنَ السَّمَاءِ مَاءً فَأَخْرَجَ بِهِ مِنَ الثَّمَرَاتِ رِزْقًا لَّكُمْ وَسَخَّرَ لَكُمُ الْفُلْكَ لِتَجْرِيَ فِي الْبَحْرِ بِأَمْرِهِ وَسَخَّرَ لَكُمُ الْأَنْهَارَ
14,33,وَسَخَّرَ لَكُمُ الشَّمْسَ وَالْقَمَرَ دَائِبَيْنِ وَسَخَّرَ لَكُمُ اللَّيْلَ وَالنَّهَارَ
14,49,وَتَرَى الْمُجْرِمِينَ يَوْمَئِذٍ مُّقَرَّنِينَ فِي الْأَصْفَادِ
14,50,سَرَابِيلُهُم مِّن قَطِرَانٍ وَتَغْشَىٰ وُجُوهَهُمُ النَّارُ
15,14,وَلَوْ فَتَحْنَا عَلَيْهِم بَابًا مِّنَ السَّمَاءِ فَظَلُّوا فِيهِ يَعْرُجُونَ
15,16,وَلَقَدْ جَعَلْنَا فِي السَّمَاءِ بُرُوجًا وَزَيَّنَّاهَا لِلنَّاظِرِينَ
15,19,وَالْأَرْضَ مَدَدْنَاهَا وَأَلْقَيْنَا فِيهَا رَوَاسِيَ وَأَنبَتْنَا فِيهَا مِن كُلِّ شَيْءٍ مَّوْزُونٍ
15,22,وَأَرْسَلْنَا الرِّيَاحَ لَوَاقِحَ فَأَنزَلْنَا مِنَ السَّمَاءِ مَاءً فَأَسْقَيْنَاكُمُوهُ وَمَا أَنتُمْ لَهُ بِخَازِنِينَ
15,26,وَلَقَدْ خَلَقْنَا الْإِنسَانَ مِن صَلْصَالٍ مِّنْ حَمَإٍ مَّسْنُونٍ
15,29,فَإِذَا سَوَّيْتُهُ وَنَفَخْتُ فِيهِ مِن رُّوحِي فَقَعُوا لَهُ سَاجِدِينَ
15,30,فَسَجَدَ الْمَلَائِكَةُ كُلُّهُمْ أَجْمَعُونَ
15,44,لَهَا سَبْعَةُ أَبْوَابٍ لِّكُلِّ بَابٍ مِّنْهُمْ جُزْءٌ مَّقْسُومٌ
15,46,ادْخُلُوهَا بِسَلَامٍ آمِنِينَ
15,47,وَنَزَعْنَا مَا فِي صُدُورِهِم مِّنْ غِلٍّ إِخْوَانًا عَلَىٰ سُرُرٍ مُّتَقَابِلِينَ
15,60,إِلَّا امْرَأَتَهُ قَدَّرْنَا إِنَّهَا لَمِنَ الْغَابِرِينَ
15,65,فَأَسْرِ بِأَهْلِكَ بِقِطْعٍ مِّنَ اللَّيْلِ وَاتَّبِعْ أَدْبَارَهُمْ وَلَا يَلْتَفِتْ مِنكُمْ أَحَدٌ وَامْضُوا حَيْثُ تُؤْمَرُونَ
15,74,فَجَعَلْنَا عَالِيَهَا سَافِلَهَا وَأَمْطَرْنَا عَلَيْهِمْ حِجَارَةً مِّن سِجِّيلٍ
15,75,إِنَّ فِي ذَٰلِكَ لَآيَاتٍ لِّلْمُتَوَسِّمِينَ
15,77,إِنَّ فِي ذَٰلِكَ لَآيَةً لِّلْمُؤْمِنِينَ
15,82,وَكَانُوا يَنْحِتُونَ مِنَ الْجِبَالِ بُيُوتًا آمِنِينَ
15,88,لَا تَمُدَّنَّ عَيْنَيْكَ إِلَىٰ مَا مَتَّعْنَا بِهِ أَزْوَاجًا مِّنْهُمْ وَلَا تَحْزَنْ عَلَيْهِمْ وَاخْفِضْ جَنَاحَكَ لِلْمُؤْمِنِينَ
15,95,إِنَّا كَفَيْنَاكَ الْمُسْتَهْزِئِينَ
16,5,وَالْأَنْعَامَ خَلَقَهَا لَكُمْ فِيهَا دِفْءٌ وَمَنَافِعُ وَمِنْهَا تَأْكُلُونَ
16,6,وَلَكُمْ فِيهَا جَمَالٌ حِينَ تُرِيحُونَ وَحِينَ تَسْرَحُونَ
16,8,وَالْخَيْلَ وَالْبِغَالَ وَالْحَمِيرَ لِتَرْكَبُوهَا وَزِينَةً وَيَخْلُقُ مَا لَا تَعْلَمُونَ
16,10,هُوَ الَّذِي أَنزَلَ مِنَ السَّمَاءِ مَاءً لَّكُم مِّنْهُ شَرَابٌ وَمِنْهُ شَجَرٌ فِيهِ تُسِيمُونَ
16,11,يُنبِتُ لَكُم بِهِ الزَّرْعَ وَالزَّيْتُونَ وَالنَّخِيلَ وَالْأَعْنَابَ وَمِن كُلِّ الثَّمَرَاتِ إِنَّ فِي ذَٰلِكَ لَآيَةً لِّقَوْمٍ يَتَفَكَّرُونَ
16,12,وَسَخَّرَ لَكُمُ اللَّيْلَ وَالنَّهَارَ وَالشَّمْسَ وَالْقَمَرَ وَالنُّجُومُ مُسَخَّرَاتٌ بِأَمْرِهِ إِنَّ فِي ذَٰلِكَ لَآيَاتٍ لِّقَوْمٍ يَعْقِلُونَ
16,13,وَمَا ذَرَأَ لَكُمْ فِي الْأَرْضِ مُخْتَلِفًا أَلْوَانُهُ إِنَّ فِي ذَٰلِكَ لَآيَةً لِّقَوْمٍ يَذَّكَّرُونَ
16,14,وَهُوَ الَّذِي سَخَّرَ الْبَحْرَ لِتَأْكُلُوا مِنْهُ لَحْمًا طَرِيًّا وَتَسْتَخْرِجُوا مِنْهُ حِلْيَةً تَلْبَسُونَهَا وَتَرَى الْفُلْكَ مَوَاخِرَ فِيهِ وَلِتَبْتَغُوا مِن فَضْلِهِ وَلَعَلَّكُمْ تَشْكُرُونَ
16,15,وَأَلْقَىٰ فِي الْأَرْضِ رَوَاسِيَ أَن تَمِيدَ بِكُمْ وَأَنْهَارًا وَسُبُلًا لَّعَلَّكُمْ تَهْتَدُونَ
16,48,أَوَلَمْ يَرَوْا إِلَىٰ مَا خَلَقَ اللَّهُ مِن شَيْءٍ يَتَفَيَّأُ ظِلَالُهُ عَنِ الْيَمِينِ وَالشَّمَائِلِ سُجَّدًا لِّلَّهِ وَهُمْ دَاخِرُونَ
16,58,وَإِذَا بُشِّرَ أَحَدُهُم بِالْأُنثَىٰ ظَلَّ وَجْهُهُ مُسْوَدًّا وَهُوَ كَظِيمٌ
16,65,وَاللَّهُ أَنزَلَ مِنَ السَّمَاءِ مَاءً فَأَحْيَا بِهِ الْأَرْضَ بَعْدَ مَوْتِهَا إِنَّ فِي ذَٰلِكَ لَآيَةً لِّقَوْمٍ يَسْمَعُونَ
16,66,وَإِنَّ لَكُمْ فِي الْأَنْعَامِ لَعِبْرَةً نُّسْقِيكُم مِّمَّا فِي بُطُونِهِ مِن بَيْنِ فَرْثٍ وَدَمٍ لَّبَنًا خَالِصًا سَائِغًا لِّلشَّارِبِينَ
16,67,وَمِن ثَمَرَاتِ النَّخِيلِ وَالْأَعْنَابِ تَتَّخِذُونَ مِنْهُ سَكَرًا وَرِزْقًا حَسَنًا إِنَّ فِي ذَٰلِكَ لَآيَةً لِّقَوْمٍ يَعْقِلُونَ
16,68,وَأَوْحَىٰ رَبُّكَ إِلَى النَّحْلِ أَنِ اتَّخِذِي مِنَ الْجِبَالِ بُيُوتًا وَمِنَ الشَّجَرِ وَمِمَّا يَعْرِشُونَ
16,69,ثُمَّ كُلِي مِن كُلِّ الثَّمَرَاتِ فَاسْلُكِي سُبُلَ رَبِّكِ ذُلُلًا يَخْرُجُ مِن بُطُونِهَا شَرَابٌ مُّخْتَلِفٌ أَلْوَانُهُ فِيهِ شِفَاءٌ لِّلنَّاسِ إِنَّ فِي ذَٰلِكَ لَآيَةً لِّقَوْمٍ يَتَفَكَّرُونَ
16,78,وَاللَّهُ أَخْرَجَكُم مِّن بُطُونِ أُمَّهَاتِكُمْ لَا تَعْلَمُونَ شَيْئًا وَجَعَلَ لَكُمُ السَّمْعَ وَالْأَبْصَارَ وَالْأَفْئِدَةَ لَعَلَّكُمْ تَشْكُرُونَ
16,79,أَلَمْ يَرَوْا إِلَى الطَّيْرِ مُسَخَّرَاتٍ فِي جَوِّ السَّمَاءِ مَا يُمْسِكُهُنَّ إِلَّا اللَّهُ إِنَّ فِي ذَٰلِكَ لَآيَاتٍ لِّقَوْمٍ يُؤْمِنُونَ
16,80,وَاللَّهُ جَعَلَ لَكُم مِّن بُيُوتِكُمْ سَكَنًا وَجَعَلَ لَكُم مِّن جُلُودِ الْأَنْعَامِ بُيُوتًا تَسْتَخِفُّونَهَا يَوْمَ ظَعْنِكُمْ وَيَوْمَ إِقَامَتِكُمْ وَمِنْ أَصْوَافِهَا وَأَوْبَارِهَا وَأَشْعَارِهَا أَثَاثًا وَمَتَاعًا إِلَىٰ حِينٍ
16,81,وَاللَّهُ جَعَلَ لَكُم مِّمَّا خَلَقَ ظِلَالًا وَجَعَلَ لَكُم مِّنَ الْجِبَالِ أَكْنَانًا وَجَعَلَ لَكُمْ سَرَابِيلَ تَقِيكُمُ الْحَرَّ وَسَرَابِيلَ تَقِيكُم بَأْسَكُمْ كَذَٰلِكَ يُتِمُّ نِعْمَتَهُ عَلَيْكُمْ لَعَلَّكُمْ تُسْلِمُونَ
16,112,وَضَرَبَ اللَّهُ مَثَلًا قَرْيَةً كَانَتْ آمِنَةً مُّطْمَئِنَّةً يَأْتِيهَا رِزْقُهَا رَغَدًا مِّن كُلِّ مَكَانٍ فَكَفَرَتْ بِأَنْعُمِ اللَّهِ فَأَذَاقَهَا اللَّهُ لِبَاسَ الْجُوعِ وَالْخَوْفِ بِمَا كَانُوا يَصْنَعُونَ
17,6,ثُمَّ رَدَدْنَا لَكُمُ الْكَرَّةَ عَلَيْهِمْ وَأَمْدَدْنَاكُم بِأَمْوَالٍ وَبَنِينَ وَجَعَلْنَاكُمْ أَكْثَرَ نَفِيرًا
17,12,وَجَعَلْنَا اللَّيْلَ وَالنَّهَارَ آيَتَيْنِ فَمَحَوْنَا آيَةَ اللَّيْلِ وَجَعَلْنَا آيَةَ النَّهَارِ مُبْصِرَةً لِّتَبْتَغُوا فَضْلًا مِّن رَّبِّكُمْ وَلِتَعْلَمُوا عَدَدَ السِّنِينَ وَالْحِسَابَ وَكُلَّ شَيْءٍ فَصَّلْنَاهُ تَفْصِيلًا
17,18,مَّن كَانَ يُرِيدُ الْعَاجِلَةَ عَجَّلْنَا لَهُ فِيهَا مَا نَشَاءُ لِمَن نُّرِيدُ ثُمَّ جَعَلْنَا لَهُ جَهَنَّمَ يَصْلَاهَا مَذْمُومًا مَّدْحُورًا
17,29,وَلَا تَجْعَلْ يَدَكَ مَغْلُولَةً إِلَىٰ عُنُقِكَ وَلَا تَبْسُطْهَا كُلَّ الْبَسْطِ فَتَقْعُدَ مَلُومًا مَّحْسُورًا
17,37,وَلَا تَمْشِ فِي الْأَرْضِ مَرَحًا إِنَّكَ لَن تَخْرِقَ الْأَرْضَ وَلَن تَبْلُغَ الْجِبَالَ طُولًا
17,60,وَإِذْ قُلْنَا لَكَ إِنَّ رَبَّكَ أَحَاطَ بِالنَّاسِ وَمَا جَعَلْنَا الرُّؤْيَا الَّتِي أَرَيْنَاكَ إِلَّا فِتْنَةً لِّلنَّاسِ وَالشَّجَرَةَ الْمَلْعُونَةَ فِي الْقُرْآنِ وَنُخَوِّفُهُمْ فَمَا يَزِيدُهُمْ إِلَّا طُغْيَانًا كَبِيرًا
17,66,رَّبُّكُمُ الَّذِي يُزْجِي لَكُمُ الْفُلْكَ فِي الْبَحْرِ لِتَبْتَغُوا مِن فَضْلِهِ إِنَّهُ كَانَ بِكُمْ رَحِيمًا
17,68,أَفَأَمِنتُمْ أَن يَخْسِفَ بِكُمْ جَانِبَ الْبَرِّ أَوْ يُرْسِلَ عَلَيْكُمْ حَاصِبًا ثُمَّ لَا تَجِدُوا لَكُمْ وَكِيلًا
17,69,أَمْ أَمِنتُمْ أَن يُعِيدَكُمْ فِيهِ تَارَةً أُخْرَىٰ فَيُرْسِلَ عَلَيْكُمْ قَاصِفًا مِّنَ الرِّيحِ فَيُغْرِقَكُم بِمَا كَفَرْتُمْ ثُمَّ لَا تَجِدُوا لَكُمْ عَلَيْنَا بِهِ تَبِيعًا
17,70,وَلَقَدْ كَرَّمْنَا بَنِي آدَمَ وَحَمَلْنَاهُمْ فِي الْبَرِّ وَالْبَحْرِ وَرَزَقْنَاهُم مِّنَ الطَّيِّبَاتِ وَفَضَّلْنَاهُمْ عَلَىٰ كَثِيرٍ مِّمَّنْ خَلَقْنَا تَفْضِيلًا
17,78,أَقِمِ الصَّلَاةَ لِدُلُوكِ الشَّمْسِ إِلَىٰ غَسَقِ اللَّيْلِ وَقُرْآنَ الْفَجْرِ إِنَّ قُرْآنَ الْفَجْرِ كَانَ مَشْهُودًا
17,91,أَوْ تَكُونَ لَكَ جَنَّةٌ مِّن نَّخِيلٍ وَعِنَبٍ فَتُفَجِّرَ الْأَنْهَارَ خِلَالَهَا تَفْجِيرًا
17,92,أَوْ تُسْقِطَ السَّمَاءَ كَمَا زَعَمْتَ عَلَيْنَا كِسَفًا أَوْ تَأْتِيَ بِاللَّهِ وَالْمَلَائِكَةِ قَبِيلًا
18,8,وَإِنَّا لَجَاعِلُونَ مَا عَلَيْهَا صَعِيدًا جُرُزًا
18,11,فَضَرَبْنَا عَلَىٰ آذَانِهِمْ فِي الْكَهْفِ سِنِينَ عَدَدًا
18,17,وَتَرَى الشَّمْسَ إِذَا طَلَعَت تَّزَاوَرُ عَن كَهْفِهِمْ ذَاتَ الْيَمِينِ وَإِذَا غَرَبَت تَّقْرِضُهُمْ ذَاتَ الشِّمَالِ وَهُمْ فِي فَجْوَةٍ مِّنْهُ ذَٰلِكَ مِنْ آيَاتِ اللَّهِ مَن يَهْدِ اللَّهُ فَهُوَ الْمُهْتَدِ وَمَن يُضْلِلْ فَلَن تَجِدَ لَهُ وَلِيًّا مُّرْشِدًا
18,18,وَتَحْسَبُهُمْ أَيْقَاظًا وَهُمْ رُقُودٌ وَنُقَلِّبُهُمْ ذَاتَ الْيَمِينِ وَذَاتَ الشِّمَالِ وَكَلْبُهُم بَاسِطٌ ذِرَاعَيْهِ بِالْوَصِيدِ لَوِ اطَّلَعْتَ عَلَيْهِمْ لَوَلَّيْتَ مِنْهُمْ فِرَارًا وَلَمُلِئْتَ مِنْهُمْ رُعْبًا
18,20,إِنَّهُمْ إِن يَظْهَرُوا عَلَيْكُمْ يَرْجُمُوكُمْ أَوْ يُعِيدُوكُمْ فِي مِلَّتِهِمْ وَلَن تُفْلِحُوا إِذًا أَبَدًا
18,22,سَيَقُولُونَ ثَلَاثَةٌ رَّابِعُهُمْ كَلْبُهُمْ وَيَقُولُونَ خَمْسَةٌ سَادِسُهُمْ كَلْبُهُمْ رَجْمًا بِالْغَيْبِ وَيَقُولُونَ سَبْعَةٌ وَثَامِنُهُمْ كَلْبُهُمْ قُل رَّبِّي أَعْلَمُ بِعِدَّتِهِم مَّا يَعْلَمُهُمْ إِلَّا قَلِيلٌ فَلَا تُمَارِ فِيهِمْ إِلَّا مِرَاءً ظَاهِرًا وَلَا تَسْتَفْتِ فِيهِم مِّنْهُمْ أَحَدًا
18,25,وَلَبِثُوا فِي كَهْفِهِمْ ثَلَاثَ مِائَةٍ سِنِينَ وَازْدَادُوا تِسْعًا
18,32,وَاضْرِبْ لَهُم مَّثَلًا رَّجُلَيْنِ جَعَلْنَا لِأَحَدِهِمَا جَنَّتَيْنِ مِنْ أَعْنَابٍ وَحَفَفْنَاهُمَا بِنَخْلٍ وَجَعَلْنَا بَيْنَهُمَا زَرْعًا
18,33,كِلْتَا الْجَنَّتَيْنِ آتَتْ أُكُلَهَا وَلَمْ تَظْلِم مِّنْهُ شَيْئًا وَفَجَّرْنَا خِلَالَهُمَا نَهَرًا
18,40,فَعَسَىٰ رَبِّي أَن يُؤْتِيَنِ خَيْرًا مِّن جَنَّتِكَ وَيُرْسِلَ عَلَيْهَا حُسْبَانًا مِّنَ السَّمَاءِ فَتُصْبِحَ صَعِيدًا زَلَقًا
18,41,أَوْ يُصْبِحَ مَاؤُهَا غَوْرًا فَلَن تَسْتَطِيعَ لَهُ طَلَبًا
18,42,وَأُحِيطَ بِثَمَرِهِ فَأَصْبَحَ يُقَلِّبُ كَفَّيْهِ عَلَىٰ مَا أَنفَقَ فِيهَا وَهِيَ خَاوِيَةٌ عَلَىٰ عُرُوشِهَا وَيَقُولُ يَا لَيْتَنِي لَمْ أُشْرِكْ بِرَبِّي أَحَدًا
18,45,وَاضْرِبْ لَهُم مَّثَلَ الْحَيَاةِ الدُّنْيَا كَمَاءٍ أَنزَلْنَاهُ مِنَ السَّمَاءِ فَاخْتَلَطَ بِهِ نَبَاتُ الْأَرْضِ فَأَصْبَحَ هَشِيمًا تَذْرُوهُ الرِّيَاحُ وَكَانَ اللَّهُ عَلَىٰ كُلِّ شَيْءٍ مُّقْتَدِرًا
18,47,وَيَوْمَ نُسَيِّرُ الْجِبَالَ وَتَرَى الْأَرْضَ بَارِزَةً وَحَشَرْنَاهُمْ فَلَمْ نُغَادِرْ مِنْهُمْ أَحَدًا
18,79,أَمَّا السَّفِينَةُ فَكَانَتْ لِمَسَاكِينَ يَعْمَلُونَ فِي الْبَحْرِ فَأَرَدتُّ أَنْ أَعِيبَهَا وَكَانَ وَرَاءَهُم مَّلِكٌ يَأْخُذُ كُلَّ سَفِينَةٍ غَصْبًا
18,86,حَتَّىٰ إِذَا بَلَغَ مَغْرِبَ الشَّمْسِ وَجَدَهَا تَغْرُبُ فِي عَيْنٍ حَمِئَةٍ وَوَجَدَ عِندَهَا قَوْمًا قُلْنَا يَا ذَا الْقَرْنَيْنِ إِمَّا أَن تُعَذِّبَ وَإِمَّا أَن تَتَّخِذَ فِيهِمْ حُسْنًا
18,94,قَالُوا يَا ذَا الْقَرْنَيْنِ إِنَّ يَأْجُوجَ وَمَأْجُوجَ مُفْسِدُونَ فِي الْأَرْضِ فَهَلْ نَجْعَلُ لَكَ خَرْجًا عَلَىٰ أَن تَجْعَلَ بَيْنَنَا وَبَيْنَهُمْ سَدًّا
18,99,وَتَرَكْنَا بَعْضَهُمْ يَوْمَئِذٍ يَمُوجُ فِي بَعْضٍ وَنُفِخَ فِي الصُّورِ فَجَمَعْنَاهُمْ جَمْعًا
19,4,قَالَ رَبِّ إِنِّي وَهَنَ الْعَظْمُ مِنِّي وَاشْتَعَلَ الرَّأْسُ شَيْبًا وَلَمْ أَكُن بِدُعَائِكَ رَبِّ شَقِيًّا
19,14,وَبَرًّا بِوَالِدَيْهِ وَلَمْ يَكُن جَبَّارًا عَصِيًّا
19,24,فَنَادَاهَا مِن تَحْتِهَا أَلَّا تَحْزَنِي قَدْ جَعَلَ رَبُّكِ تَحْتَكِ سَرِيًّا
19,26,فَكُلِي وَاشْرَبِي وَقَرِّي عَيْنًا فَإِمَّا تَرَيِنَّ مِنَ الْبَشَرِ أَحَدًا فَقُولِي إِنِّي نَذَرْتُ لِلرَّحْمَـٰنِ صَوْمًا فَلَنْ أُكَلِّمَ الْيَوْمَ إِنسِيًّا
19,32,وَبَرًّا بِوَالِدَتِي وَلَمْ يَجْعَلْنِي جَبَّارًا شَقِيًّا
19,62,لَّا يَسْمَعُونَ فِيهَا لَغْوًا إِلَّا سَلَامًا وَلَهُمْ رِزْقُهُمْ فِيهَا بُكْرَةً وَعَشِيًّا
19,74,وَكَمْ أَهْلَكْنَا قَبْلَهُم مِّن قَرْنٍ هُمْ أَحْسَنُ أَثَاثًا وَرِئْيًا
19,90,تَكَادُ السَّمَاوَاتُ يَتَفَطَّرْنَ مِنْهُ وَتَنشَقُّ الْأَرْضُ وَتَخِرُّ الْجِبَالُ هَدًّا
20,1,بِسْمِ اللَّهِ الرَّحْمَـٰنِ الرَّحِيمِ طه
20,18,قَالَ هِيَ عَصَايَ أَتَوَكَّأُ عَلَيْهَا وَأَهُشُّ بِهَا عَلَىٰ غَنَمِي وَلِيَ فِيهَا مَآرِبُ أُخْرَىٰ
20,22,وَاضْمُمْ يَدَكَ إِلَىٰ جَنَاحِكَ تَخْرُجْ بَيْضَاءَ مِنْ غَيْرِ سُوءٍ آيَةً أُخْرَىٰ
20,23,لِنُرِيَكَ مِنْ آيَاتِنَا الْكُبْرَى
20,53,الَّذِي جَعَلَ لَكُمُ الْأَرْضَ مَهْدًا وَسَلَكَ لَكُمْ فِيهَا سُبُلًا وَأَنزَلَ مِنَ السَّمَاءِ مَاءً فَأَخْرَجْنَا بِهِ أَزْوَاجًا مِّن نَّبَاتٍ شَتَّىٰ
20,54,كُلُوا وَارْعَوْا أَنْعَامَكُمْ إِنَّ فِي ذَٰلِكَ لَآيَاتٍ لِّأُولِي النُّهَىٰ
20,55,مِنْهَا خَلَقْنَاكُمْ وَفِيهَا نُعِيدُكُمْ وَمِنْهَا نُخْرِجُكُمْ تَارَةً أُخْرَىٰ
20,63,قَالُوا إِنْ هَـٰذَانِ لَسَاحِرَانِ يُرِيدَانِ أَن يُخْرِجَاكُم مِّنْ أَرْضِكُم بِسِحْرِهِمَا وَيَذْهَبَا بِطَرِيقَتِكُمُ الْمُثْلَىٰ
20,77,وَلَقَدْ أَوْحَيْنَا إِلَىٰ مُوسَىٰ أَنْ أَسْرِ بِعِبَادِي فَاضْرِبْ لَهُمْ طَرِيقًا فِي الْبَحْرِ يَبَسًا لَّا تَخَافُ دَرَكًا وَلَا تَخْشَىٰ
20,105,وَيَسْأَلُونَكَ عَنِ الْجِبَالِ فَقُلْ يَنسِفُهَا رَبِّي نَسْفًا
20,106,فَيَذَرُهَا قَاعًا صَفْصَفًا
20,111,وَعَنَتِ الْوُجُوهُ لِلْحَيِّ الْقَيُّومِ وَقَدْ خَابَ مَنْ حَمَلَ ظُلْمًا
20,118,إِنَّ لَكَ أَلَّا تَجُوعَ فِيهَا وَلَا تَعْرَىٰ
20,119,وَأَنَّكَ لَا تَظْمَأُ فِيهَا وَلَا تَضْحَىٰ
20,121,فَأَكَلَا مِنْهَا فَبَدَتْ لَهُمَا سَوْآتُهُمَا وَطَفِقَا يَخْصِفَانِ عَلَيْهِمَا مِن وَرَقِ الْجَنَّةِ وَعَصَىٰ آدَمُ رَبَّهُ فَغَوَىٰ
21,8,وَمَا جَعَلْنَاهُمْ جَسَدًا لَّا يَأْكُلُونَ الطَّعَامَ وَمَا كَانُوا خَالِدِينَ
21,13,لَا تَرْكُضُوا وَارْجِعُوا إِلَىٰ مَا أُتْرِفْتُمْ فِيهِ وَمَسَاكِنِكُمْ لَعَلَّكُمْ تُسْأَلُونَ
21,15,فَمَا زَالَت تِّلْكَ دَعْوَاهُمْ حَتَّىٰ جَعَلْنَاهُمْ حَصِيدًا خَامِدِينَ
21,20,يُسَبِّحُونَ اللَّيْلَ وَالنَّهَارَ لَا يَفْتُرُونَ
21,31,وَجَعَلْنَا فِي الْأَرْضِ رَوَاسِيَ أَن تَمِيدَ بِهِمْ وَجَعَلْنَا فِيهَا فِجَاجًا سُبُلًا لَّعَلَّهُمْ يَهْتَدُونَ
21,32,وَجَعَلْنَا السَّمَاءَ سَقْفًا مَّحْفُوظًا وَهُمْ عَنْ آيَاتِهَا مُعْرِضُونَ
21,33,وَهُوَ الَّذِي خَلَقَ اللَّيْلَ وَالنَّهَارَ وَالشَّمْسَ وَالْقَمَرَ كُلٌّ فِي فَلَكٍ يَسْبَحُونَ
21,70,وَأَرَادُوا بِهِ كَيْدًا فَجَعَلْنَاهُمُ الْأَخْسَرِينَ
21,91,وَالَّتِي أَحْصَنَتْ فَرْجَهَا فَنَفَخْنَا فِيهَا مِن رُّوحِنَا وَجَعَلْنَاهَا وَابْنَهَا آيَةً لِّلْعَالَمِينَ
21,96,حَتَّىٰ إِذَا فُتِحَتْ يَأْجُوجُ وَمَأْجُوجُ وَهُم مِّن كُلِّ حَدَبٍ يَنسِلُونَ
21,104,يَوْمَ نَطْوِي السَّمَاءَ كَطَيِّ السِّجِلِّ لِلْكُتُبِ كَمَا بَدَأْنَا أَوَّلَ خَلْقٍ نُّعِيدُهُ وَعْدًا عَلَيْنَا إِنَّا كُنَّا فَاعِلِينَ
22,2,يَوْمَ تَرَوْنَهَا تَذْهَلُ كُلُّ مُرْضِعَةٍ عَمَّا أَرْضَعَتْ وَتَضَعُ كُلُّ ذَاتِ حَمْلٍ حَمْلَهَا وَتَرَى النَّاسَ سُكَارَىٰ وَمَا هُم بِسُكَارَىٰ وَلَـٰكِنَّ عَذَابَ اللَّهِ شَدِيدٌ
22,5,يَا أَيُّهَا النَّاسُ إِن كُنتُمْ فِي رَيْبٍ مِّنَ الْبَعْثِ فَإِنَّا خَلَقْنَاكُم مِّن تُرَابٍ ثُمَّ مِن نُّطْفَةٍ ثُمَّ مِنْ عَلَقَةٍ ثُمَّ مِن مُّضْغَةٍ مُّخَلَّقَةٍ وَغَيْرِ مُخَلَّقَةٍ لِّنُبَيِّنَ لَكُمْ وَنُقِرُّ فِي الْأَرْحَامِ مَا نَشَاءُ إِلَىٰ أَجَلٍ مُّسَمًّى ثُمَّ نُخْرِجُكُمْ طِفْلًا ثُمَّ لِتَبْلُغُوا أَشُدَّكُمْ وَمِنكُم مَّن يُتَوَفَّىٰ وَمِنكُم مَّن يُرَدُّ إِلَىٰ أَرْذَلِ الْعُمُرِ لِكَيْلَا يَعْلَمَ مِن بَعْدِ عِلْمٍ شَيْئًا وَتَرَى الْأَرْضَ هَامِدَةً فَإِذَا أَنزَلْنَا عَلَيْهَا الْمَاءَ اهْتَزَّتْ وَرَبَتْ وَأَنبَتَتْ مِن كُلِّ زَوْجٍ بَهِيجٍ
22,19,هَـٰذَانِ خَصْمَانِ اخْتَصَمُوا فِي رَبِّهِمْ فَالَّذِينَ كَفَرُوا قُطِّعَتْ لَهُمْ ثِيَابٌ مِّن نَّارٍ يُصَبُّ مِن فَوْقِ رُءُوسِهِمُ الْحَمِيمُ
22,20,يُصْهَرُ بِهِ مَا فِي بُطُونِهِمْ وَالْجُلُودُ
22,27,وَأَذِّن فِي النَّاسِ بِالْحَجِّ يَأْتُوكَ رِجَالًا وَعَلَىٰ كُلِّ ضَامِرٍ يَأْتِينَ مِن كُلِّ فَجٍّ عَمِيقٍ
22,28,لِّيَشْهَدُوا مَنَافِعَ لَهُمْ وَيَذْكُرُوا اسْمَ اللَّهِ فِي أَيَّامٍ مَّعْلُومَاتٍ عَلَىٰ مَا رَزَقَهُم مِّن بَهِيمَةِ الْأَنْعَامِ فَكُلُوا مِنْهَا وَأَطْعِمُوا الْبَائِسَ الْفَقِيرَ
22,29,ثُمَّ لْيَقْضُوا تَفَثَهُمْ وَلْيُوفُوا نُذُورَهُمْ وَلْيَطَّوَّفُوا بِالْبَيْتِ الْعَتِيقِ
22,33,لَكُمْ فِيهَا مَنَافِعُ إِلَىٰ أَجَلٍ مُّسَمًّى ثُمَّ مَحِلُّهَا إِلَى الْبَيْتِ الْعَتِيقِ
22,36,وَالْبُدْنَ جَعَلْنَاهَا لَكُم مِّن شَعَائِرِ اللَّهِ لَكُمْ فِيهَا خَيْرٌ فَاذْكُرُوا اسْمَ اللَّهِ عَلَيْهَا صَوَافَّ فَإِذَا وَجَبَتْ جُنُوبُهَا فَكُلُوا مِنْهَا وَأَطْعِمُوا الْقَانِعَ وَالْمُعْتَرَّ كَذَٰلِكَ سَخَّرْنَاهَا لَكُمْ لَعَلَّكُمْ تَشْكُرُونَ
22,45,فَكَأَيِّن مِّن قَرْيَةٍ أَهْلَكْنَاهَا وَهِيَ ظَالِمَةٌ فَهِيَ خَاوِيَةٌ عَلَىٰ عُرُوشِهَا وَبِئْرٍ مُّعَطَّلَةٍ وَقَصْرٍ مَّشِيدٍ
22,46,أَفَلَمْ يَسِيرُوا فِي الْأَرْضِ فَتَكُونَ لَهُمْ قُلُوبٌ يَعْقِلُونَ بِهَا أَوْ آذَانٌ يَسْمَعُونَ بِهَا فَإِنَّهَا لَا تَعْمَى الْأَبْصَارُ وَلَـٰكِن تَعْمَى الْقُلُوبُ الَّتِي فِي الصُّدُورِ
22,61,ذَٰلِكَ بِأَنَّ اللَّهَ يُولِجُ اللَّيْلَ فِي النَّهَارِ وَيُولِجُ النَّهَارَ فِي اللَّيْلِ وَأَنَّ اللَّهَ سَمِيعٌ بَصِيرٌ
23,6,إِلَّا عَلَىٰ أَزْوَاجِهِمْ أَوْ مَا مَلَكَتْ أَيْمَانُهُمْ فَإِنَّهُمْ غَيْرُ مَلُومِينَ
23,13,ثُمَّ جَعَلْنَاهُ نُطْفَةً فِي قَرَارٍ مَّكِينٍ
23,14,ثُمَّ خَلَقْنَا النُّطْفَةَ عَلَقَةً فَخَلَقْنَا الْعَلَقَةَ مُضْغَةً فَخَلَقْنَا الْمُضْغَةَ عِظَامًا فَكَسَوْنَا الْعِظَامَ لَحْمًا ثُمَّ أَنشَأْنَاهُ خَلْقًا آخَرَ فَتَبَارَكَ اللَّهُ أَحْسَنُ الْخَالِقِينَ
23,17,وَلَقَدْ خَلَقْنَا فَوْقَكُمْ سَبْعَ طَرَائِقَ وَمَا كُنَّا عَنِ الْخَلْقِ غَافِلِينَ
23,18,وَأَنزَلْنَا مِنَ السَّمَاءِ مَاءً بِقَدَرٍ فَأَسْكَنَّاهُ فِي الْأَرْضِ وَإِنَّا عَلَىٰ ذَهَابٍ بِهِ لَقَادِرُونَ
23,19,فَأَنشَأْنَا لَكُم بِهِ جَنَّاتٍ مِّن نَّخِيلٍ وَأَعْنَابٍ لَّكُمْ فِيهَا فَوَاكِهُ كَثِيرَةٌ وَمِنْهَا تَأْكُلُونَ
23,20,وَشَجَرَةً تَخْرُجُ مِن طُورِ سَيْنَاءَ تَنبُتُ بِالدُّهْنِ وَصِبْغٍ لِّلْآكِلِينَ
23,21,وَإِنَّ لَكُمْ فِي الْأَنْعَامِ لَعِبْرَةً نُّسْقِيكُم مِّمَّا فِي بُطُونِهَا وَلَكُمْ فِيهَا مَنَافِعُ كَثِيرَةٌ وَمِنْهَا تَأْكُلُونَ
23,22,وَعَلَيْهَا وَعَلَى الْفُلْكِ تُحْمَلُونَ
23,27,فَأَوْحَيْنَا إِلَيْهِ أَنِ اصْنَعِ الْفُلْكَ بِأَعْيُنِنَا وَوَحْيِنَا فَإِذَا جَاءَ أَمْرُنَا وَفَارَ التَّنُّورُ فَاسْلُكْ فِيهَا مِن كُلٍّ زَوْجَيْنِ اثْنَيْنِ وَأَهْلَكَ إِلَّا مَن سَبَقَ عَلَيْهِ الْقَوْلُ مِنْهُمْ وَلَا تُخَاطِبْنِي فِي الَّذِينَ ظَلَمُوا إِنَّهُم مُّغْرَقُونَ
23,50,وَجَعَلْنَا ابْنَ مَرْيَمَ وَأُمَّهُ آيَةً وَآوَيْنَاهُمَا إِلَىٰ رَبْوَةٍ ذَاتِ قَرَارٍ وَمَعِينٍ
23,54,فَذَرْهُمْ فِي غَمْرَتِهِمْ حَتَّىٰ حِينٍ
23,67,مُسْتَكْبِرِينَ بِهِ سَامِرًا تَهْجُرُونَ
23,78,وَهُوَ الَّذِي أَنشَأَ لَكُمُ السَّمْعَ وَالْأَبْصَارَ وَالْأَفْئِدَةَ قَلِيلًا مَّا تَشْكُرُونَ
23,95,وَإِنَّا عَلَىٰ أَن نُّرِيَكَ مَا نَعِدُهُمْ لَقَادِرُونَ
23,101,فَإِذَا نُفِخَ فِي الصُّورِ فَلَا أَنسَابَ بَيْنَهُمْ يَوْمَئِذٍ وَلَا يَتَسَاءَلُونَ
23,104,تَلْفَحُ وُجُوهَهُمُ النَّارُ وَهُمْ فِيهَا كَالِحُونَ
23,108,قَالَ اخْسَئُوا فِيهَا وَلَا تُكَلِّمُونِ
24,27,يَا أَيُّهَا الَّذِينَ آمَنُوا لَا تَدْخُلُوا بُيُوتًا غَيْرَ بُيُوتِكُمْ حَتَّىٰ تَسْتَأْنِسُوا وَتُسَلِّمُوا عَلَىٰ أَهْلِهَا ذَٰلِكُمْ خَيْرٌ لَّكُمْ لَعَلَّكُمْ تَذَكَّرُونَ
24,28,فَإِن لَّمْ تَجِدُوا فِيهَا أَحَدًا فَلَا تَدْخُلُوهَا حَتَّىٰ يُؤْذَنَ لَكُمْ وَإِن قِيلَ لَكُمُ ارْجِعُوا فَارْجِعُوا هُوَ أَزْكَىٰ لَكُمْ وَاللَّهُ بِمَا تَعْمَلُونَ عَلِيمٌ
24,29,لَّيْسَ عَلَيْكُمْ جُنَاحٌ أَن تَدْخُلُوا بُيُوتًا غَيْرَ مَسْكُونَةٍ فِيهَا مَتَاعٌ لَّكُمْ وَاللَّهُ يَعْلَمُ مَا تُبْدُونَ وَمَا تَكْتُمُونَ
24,31,وَقُل لِّلْمُؤْمِنَاتِ يَغْضُضْنَ مِنْ أَبْصَارِهِنَّ وَيَحْفَظْنَ فُرُوجَهُنَّ وَلَا يُبْدِينَ زِينَتَهُنَّ إِلَّا مَا ظَهَرَ مِنْهَا وَلْيَضْرِبْنَ بِخُمُرِهِنَّ عَلَىٰ جُيُوبِهِنَّ وَلَا يُبْدِينَ زِينَتَهُنَّ إِلَّا لِبُعُولَتِهِنَّ أَوْ آبَائِهِنَّ أَوْ آبَاءِ بُعُولَتِهِنَّ أَوْ أَبْنَائِهِنَّ أَوْ أَبْنَاءِ بُعُولَتِهِنَّ أَوْ إِخْوَانِهِنَّ أَوْ بَنِي إِخْوَانِهِنَّ أَوْ بَنِي أَخَوَاتِهِنَّ أَوْ نِسَائِهِنَّ أَوْ مَا مَلَكَتْ أَيْمَانُهُنَّ أَوِ التَّابِعِينَ غَيْرِ أُولِي الْإِرْبَةِ مِنَ الرِّجَالِ أَوِ الطِّفْلِ الَّذِينَ لَمْ يَظْهَرُوا عَلَىٰ عَوْرَاتِ النِّسَاءِ وَلَا يَضْرِبْنَ بِأَرْجُلِهِنَّ لِيُعْلَمَ مَا يُخْفِينَ مِن زِينَتِهِنَّ وَتُوبُوا إِلَى اللَّهِ جَمِيعًا أَيُّهَ الْمُؤْمِنُونَ لَعَلَّكُمْ تُفْلِحُونَ
24,35,اللَّهُ نُورُ السَّمَاوَاتِ وَالْأَرْضِ مَثَلُ نُورِهِ كَمِشْكَاةٍ فِيهَا مِصْبَاحٌ الْمِصْبَاحُ فِي زُجَاجَةٍ الزُّجَاجَةُ كَأَنَّهَا كَوْكَبٌ دُرِّيٌّ يُوقَدُ مِن شَجَرَةٍ مُّبَارَكَةٍ زَيْتُونَةٍ لَّا شَرْقِيَّةٍ وَلَا غَرْبِيَّةٍ يَكَادُ زَيْتُهَا يُضِيءُ وَلَوْ لَمْ تَمْسَسْهُ نَارٌ نُّورٌ عَلَىٰ نُورٍ يَهْدِي اللَّهُ لِنُورِهِ مَن يَشَاءُ وَيَضْرِبُ اللَّهُ الْأَمْثَالَ لِلنَّاسِ وَاللَّهُ بِكُلِّ شَيْءٍ عَلِيمٌ
24,36,فِي بُيُوتٍ أَذِنَ اللَّهُ أَن تُرْفَعَ وَيُذْكَرَ فِيهَا اسْمُهُ يُسَبِّحُ لَهُ فِيهَا بِالْغُدُوِّ وَالْآصَالِ
24,40,أَوْ كَظُلُمَاتٍ فِي بَحْرٍ لُّجِّيٍّ يَغْشَاهُ مَوْجٌ مِّن فَوْقِهِ مَوْجٌ مِّن فَوْقِهِ سَحَابٌ ظُلُمَاتٌ بَعْضُهَا فَوْقَ بَعْضٍ إِذَا أَخْرَجَ يَدَهُ لَمْ يَكَدْ يَرَاهَا وَمَن لَّمْ يَجْعَلِ اللَّهُ لَهُ نُورًا فَمَا لَهُ مِن نُّورٍ
24,43,أَلَمْ تَرَ أَنَّ اللَّهَ يُزْجِي سَحَابًا ثُمَّ يُؤَلِّفُ بَيْنَهُ ثُمَّ يَجْعَلُهُ رُكَامًا فَتَرَى الْوَدْقَ يَخْرُجُ مِنْ خِلَالِهِ وَيُنَزِّلُ مِنَ السَّمَاءِ مِن جِبَالٍ فِيهَا مِن بَرَدٍ فَيُصِيبُ بِهِ مَن يَشَاءُ وَيَصْرِفُهُ عَن مَّن يَشَاءُ يَكَادُ سَنَا بَرْقِهِ يَذْهَبُ بِالْأَبْصَارِ
24,44,يُقَلِّبُ اللَّهُ اللَّيْلَ وَالنَّهَارَ إِنَّ فِي ذَٰلِكَ لَعِبْرَةً لِّأُولِي الْأَبْصَارِ
24,61,لَّيْسَ عَلَى الْأَعْمَىٰ حَرَجٌ وَلَا عَلَى الْأَعْرَجِ حَرَجٌ وَلَا عَلَى الْمَرِيضِ حَرَجٌ وَلَا عَلَىٰ أَنفُسِكُمْ أَن تَأْكُلُوا مِن بُيُوتِكُمْ أَوْ بُيُوتِ آبَائِكُمْ أَوْ بُيُوتِ أُمَّهَاتِكُمْ أَوْ بُيُوتِ إِخْوَانِكُمْ أَوْ بُيُوتِ أَخَوَاتِكُمْ أَوْ بُيُوتِ أَعْمَامِكُمْ أَوْ بُيُوتِ عَمَّاتِكُمْ أَوْ بُيُوتِ أَخْوَالِكُمْ أَوْ بُيُوتِ خَالَاتِكُمْ أَوْ مَا مَلَكْتُم مَّفَاتِحَهُ أَوْ صَدِيقِكُمْ لَيْسَ عَلَيْكُمْ جُنَاحٌ أَن تَأْكُلُوا جَمِيعًا أَوْ أَشْتَاتًا فَإِذَا دَخَلْتُم بُيُوتًا فَسَلِّمُوا عَلَىٰ أَنفُسِكُمْ تَحِيَّةً مِّنْ عِندِ اللَّهِ مُبَارَكَةً طَيِّبَةً كَذَٰلِكَ يُبَيِّنُ اللَّهُ لَكُمُ الْآيَاتِ لَعَلَّكُمْ تَعْقِلُونَ
25,25,وَيَوْمَ تَشَقَّقُ السَّمَاءُ بِالْغَمَامِ وَنُزِّلَ الْمَلَائِكَةُ تَنزِيلًا
25,39,وَكُلًّا ضَرَبْنَا لَهُ الْأَمْثَالَ وَكُلًّا تَبَّرْنَا تَتْبِيرًا
25,45,أَلَمْ تَرَ إِلَىٰ رَبِّكَ كَيْفَ مَدَّ الظِّلَّ وَلَوْ شَاءَ لَجَعَلَهُ سَاكِنًا ثُمَّ جَعَلْنَا الشَّمْسَ عَلَيْهِ دَلِيلًا
25,47,وَهُوَ الَّذِي جَعَلَ لَكُمُ اللَّيْلَ لِبَاسًا وَالنَّوْمَ سُبَاتًا وَجَعَلَ النَّهَارَ نُشُورًا
25,48,وَهُوَ الَّذِي أَرْسَلَ الرِّيَاحَ بُشْرًا بَيْنَ يَدَيْ رَحْمَتِهِ وَأَنزَلْنَا مِنَ السَّمَاءِ مَاءً طَهُورًا
25,49,لِّنُحْيِيَ بِهِ بَلْدَةً مَّيْتًا وَنُسْقِيَهُ مِمَّا خَلَقْنَا أَنْعَامًا وَأَنَاسِيَّ كَثِيرًا
25,53,وَهُوَ الَّذِي مَرَجَ الْبَحْرَيْنِ هَـٰذَا عَذْبٌ فُرَاتٌ وَهَـٰذَا مِلْحٌ أُجَاجٌ وَجَعَلَ بَيْنَهُمَا بَرْزَخًا وَحِجْرًا مَّحْجُورًا
25,54,وَهُوَ الَّذِي خَلَقَ مِنَ الْمَاءِ بَشَرًا فَجَعَلَهُ نَسَبًا وَصِهْرًا وَكَانَ رَبُّكَ قَدِيرًا
25,61,تَبَارَكَ الَّذِي جَعَلَ فِي السَّمَاءِ بُرُوجًا وَجَعَلَ فِيهَا سِرَاجًا وَقَمَرًا مُّنِيرًا
25,62,وَهُوَ الَّذِي جَعَلَ اللَّيْلَ وَالنَّهَارَ خِلْفَةً لِّمَنْ أَرَادَ أَن يَذَّكَّرَ أَوْ أَرَادَ شُكُورًا
25,72,وَالَّذِينَ لَا يَشْهَدُونَ الزُّورَ وَإِذَا مَرُّوا بِاللَّغْوِ مَرُّوا كِرَامًا
26,1,بِسْمِ اللَّهِ الرَّحْمَـٰنِ الرَّحِيمِ طسم
26,4,إِن نَّشَأْ نُنَزِّلْ عَلَيْهِم مِّنَ السَّمَاءِ آيَةً فَظَلَّتْ أَعْنَاقُهُمْ لَهَا خَاضِعِينَ
26,7,أَوَلَمْ يَرَوْا إِلَى الْأَرْضِ كَمْ أَنبَتْنَا فِيهَا مِن كُلِّ زَوْجٍ كَرِيمٍ
26,18,قَالَ أَلَمْ نُرَبِّكَ فِينَا وَلِيدًا وَلَبِثْتَ فِينَا مِنْ عُمُرِكَ سِنِينَ
26,33,وَنَزَعَ يَدَهُ فَإِذَا هِيَ بَيْضَاءُ لِلنَّاظِرِينَ
26,57,فَأَخْرَجْنَاهُم مِّن جَنَّاتٍ وَعُيُونٍ
26,101,وَلَا صَدِيقٍ حَمِيمٍ
26,119,فَأَنجَيْنَاهُ وَمَن مَّعَهُ فِي الْفُلْكِ الْمَشْحُونِ
26,128,أَتَبْنُونَ بِكُلِّ رِيعٍ آيَةً تَعْبَثُونَ
26,129,وَتَتَّخِذُونَ مَصَانِعَ لَعَلَّكُمْ تَخْلُدُونَ
26,130,وَإِذَا بَطَشْتُم بَطَشْتُمْ جَبَّارِينَ
26,133,أَمَدَّكُم بِأَنْعَامٍ وَبَنِينَ
26,146,أَتُتْرَكُونَ فِي مَا هَاهُنَا آمِنِينَ
26,147,فِي جَنَّاتٍ وَعُيُونٍ
26,148,وَزُرُوعٍ وَنَخْلٍ طَلْعُهَا هَضِيمٌ
26,149,وَتَنْحِتُونَ مِنَ الْجِبَالِ بُيُوتًا فَارِهِينَ
26,187,فَأَسْقِطْ عَلَيْنَا كِسَفًا مِّنَ السَّمَاءِ إِن كُنتَ مِنَ الصَّادِقِينَ
26,200,كَذَٰلِكَ سَلَكْنَاهُ فِي قُلُوبِ الْمُجْرِمِينَ
26,218,الَّذِي يَرَاكَ حِينَ تَقُومُ
26,219,وَتَقَلُّبَكَ فِي السَّاجِدِينَ
26,225,أَلَمْ تَرَ أَنَّهُمْ فِي كُلِّ وَادٍ يَهِيمُونَ
27,34,قَالَتْ إِنَّ الْمُلُوكَ إِذَا دَخَلُوا قَرْيَةً أَفْسَدُوهَا وَجَعَلُوا أَعِزَّةَ أَهْلِهَا أَذِلَّةً وَكَذَٰلِكَ يَفْعَلُونَ
27,52,فَتِلْكَ بُيُوتُهُمْ خَاوِيَةً بِمَا ظَلَمُوا إِنَّ فِي ذَٰلِكَ لَآيَةً لِّقَوْمٍ يَعْلَمُونَ
27,60,أَمَّنْ خَلَقَ السَّمَاوَاتِ وَالْأَرْضَ وَأَنزَلَ لَكُم مِّنَ السَّمَاءِ مَاءً فَأَنبَتْنَا بِهِ حَدَائِقَ ذَاتَ بَهْجَةٍ مَّا كَانَ لَكُمْ أَن تُنبِتُوا شَجَرَهَا أَإِلَـٰهٌ مَّعَ اللَّهِ بَلْ هُمْ قَوْمٌ يَعْدِلُونَ
27,61,أَمَّن جَعَلَ الْأَرْضَ قَرَارًا وَجَعَلَ خِلَالَهَا أَنْهَارًا وَجَعَلَ لَهَا رَوَاسِيَ وَجَعَلَ بَيْنَ الْبَحْرَيْنِ حَاجِزًا أَإِلَـٰهٌ مَّعَ اللَّهِ بَلْ أَكْثَرُهُمْ لَا يَعْلَمُونَ
27,86,أَلَمْ يَرَوْا أَنَّا جَعَلْنَا اللَّيْلَ لِيَسْكُنُوا فِيهِ وَالنَّهَارَ مُبْصِرًا إِنَّ فِي ذَٰلِكَ لَآيَاتٍ لِّقَوْمٍ يُؤْمِنُونَ
27,88,وَتَرَى الْجِبَالَ تَحْسَبُهَا جَامِدَةً وَهِيَ تَمُرُّ مَرَّ السَّحَابِ صُنْعَ اللَّهِ الَّذِي أَتْقَنَ كُلَّ شَيْءٍ إِنَّهُ خَبِيرٌ بِمَا تَفْعَلُونَ
28,1,بِسْمِ اللَّهِ الرَّحْمَـٰنِ الرَّحِيمِ طسم
28,24,فَسَقَىٰ لَهُمَا ثُمَّ تَوَلَّىٰ إِلَى الظِّلِّ فَقَالَ رَبِّ إِنِّي لِمَا أَنزَلْتَ إِلَيَّ مِنْ خَيْرٍ فَقِيرٌ
28,32,اسْلُكْ يَدَكَ فِي جَيْبِكَ تَخْرُجْ بَيْضَاءَ مِنْ غَيْرِ سُوءٍ وَاضْمُمْ إِلَيْكَ جَنَاحَكَ مِنَ الرَّهْبِ فَذَانِكَ بُرْهَانَانِ مِن رَّبِّكَ إِلَىٰ فِرْعَوْنَ وَمَلَئِهِ إِنَّهُمْ كَانُوا قَوْمًا فَاسِقِينَ
28,73,وَمِن رَّحْمَتِهِ جَعَلَ لَكُمُ اللَّيْلَ وَالنَّهَارَ لِتَسْكُنُوا فِيهِ وَلِتَبْتَغُوا مِن فَضْلِهِ وَلَعَلَّكُمْ تَشْكُرُونَ
29,15,فَأَنجَيْنَاهُ وَأَصْحَابَ السَّفِينَةِ وَجَعَلْنَاهَا آيَةً لِّلْعَالَمِينَ
29,19,أَوَلَمْ يَرَوْا كَيْفَ يُبْدِئُ اللَّهُ الْخَلْقَ ثُمَّ يُعِيدُهُ إِنَّ ذَٰلِكَ عَلَى اللَّهِ يَسِيرٌ
29,34,إِنَّا مُنزِلُونَ عَلَىٰ أَهْلِ هَـٰذِهِ الْقَرْيَةِ رِجْزًا مِّنَ السَّمَاءِ بِمَا كَانُوا يَفْسُقُونَ
29,43,وَتِلْكَ الْأَمْثَالُ نَضْرِبُهَا لِلنَّاسِ وَمَا يَعْقِلُهَا إِلَّا الْعَالِمُونَ
30,17,فَسُبْحَانَ اللَّهِ حِينَ تُمْسُونَ وَحِينَ تُصْبِحُونَ
30,19,يُخْرِجُ الْحَيَّ مِنَ الْمَيِّتِ وَيُخْرِجُ الْمَيِّتَ مِنَ الْحَيِّ وَيُحْيِي الْأَرْضَ بَعْدَ مَوْتِهَا وَكَذَٰلِكَ تُخْرَجُونَ
30,23,وَمِنْ آيَاتِهِ مَنَامُكُم بِاللَّيْلِ وَالنَّهَارِ وَابْتِغَاؤُكُم مِّن فَضْلِهِ إِنَّ فِي ذَٰلِكَ لَآيَاتٍ لِّقَوْمٍ يَسْمَعُونَ
30,24,وَمِنْ آيَاتِهِ يُرِيكُمُ الْبَرْقَ خَوْفًا وَطَمَعًا وَيُنَزِّلُ مِنَ السَّمَاءِ مَاءً فَيُحْيِي بِهِ الْأَرْضَ بَعْدَ مَوْتِهَا إِنَّ فِي ذَٰلِكَ لَآيَاتٍ لِّقَوْمٍ يَعْقِلُونَ
30,25,وَمِنْ آيَاتِهِ أَن تَقُومَ السَّمَاءُ وَالْأَرْضُ بِأَمْرِهِ ثُمَّ إِذَا دَعَاكُمْ دَعْوَةً مِّنَ الْأَرْضِ إِذَا أَنتُمْ تَخْرُجُونَ
30,41,ظَهَرَ الْفَسَادُ فِي الْبَرِّ وَالْبَحْرِ بِمَا كَسَبَتْ أَيْدِي النَّاسِ لِيُذِيقَهُم بَعْضَ الَّذِي عَمِلُوا لَعَلَّهُمْ يَرْجِعُونَ
30,46,وَمِنْ آيَاتِهِ أَن يُرْسِلَ الرِّيَاحَ مُبَشِّرَاتٍ وَلِيُذِيقَكُم مِّن رَّحْمَتِهِ وَلِتَجْرِيَ الْفُلْكُ بِأَمْرِهِ وَلِتَبْتَغُوا مِن فَضْلِهِ وَلَعَلَّكُمْ تَشْكُرُونَ
30,48,اللَّهُ الَّذِي يُرْسِلُ الرِّيَاحَ فَتُثِيرُ سَحَابًا فَيَبْسُطُهُ فِي السَّمَاءِ كَيْفَ يَشَاءُ وَيَجْعَلُهُ كِسَفًا فَتَرَى الْوَدْقَ يَخْرُجُ مِنْ خِلَالِهِ فَإِذَا أَصَابَ بِهِ مَن يَشَاءُ مِنْ عِبَادِهِ إِذَا هُمْ يَسْتَبْشِرُونَ
31,10,خَلَقَ السَّمَاوَاتِ بِغَيْرِ عَمَدٍ تَرَوْنَهَا وَأَلْقَىٰ فِي الْأَرْضِ رَوَاسِيَ أَن تَمِيدَ بِكُمْ وَبَثَّ فِيهَا مِن كُلِّ دَابَّةٍ وَأَنزَلْنَا مِنَ السَّمَاءِ مَاءً فَأَنبَتْنَا فِيهَا مِن كُلِّ زَوْجٍ كَرِيمٍ
31,18,وَلَا تُصَعِّرْ خَدَّكَ لِلنَّاسِ وَلَا تَمْشِ فِي الْأَرْضِ مَرَحًا إِنَّ اللَّهَ لَا يُحِبُّ كُلَّ مُخْتَالٍ فَخُورٍ
31,19,وَاقْصِدْ فِي مَشْيِكَ وَاغْضُضْ مِن صَوْتِكَ إِنَّ أَنكَرَ الْأَصْوَاتِ لَصَوْتُ الْحَمِيرِ
31,29,أَلَمْ تَرَ أَنَّ اللَّهَ يُولِجُ اللَّيْلَ فِي النَّهَارِ وَيُولِجُ النَّهَارَ فِي اللَّيْلِ وَسَخَّرَ الشَّمْسَ وَالْقَمَرَ كُلٌّ يَجْرِي إِلَىٰ أَجَلٍ مُّسَمًّى وَأَنَّ اللَّهَ بِمَا تَعْمَلُونَ خَبِيرٌ
31,31,أَلَمْ تَرَ أَنَّ الْفُلْكَ تَجْرِي فِي الْبَحْرِ بِنِعْمَتِ اللَّهِ لِيُرِيَكُم مِّنْ آيَاتِهِ إِنَّ فِي ذَٰلِكَ لَآيَاتٍ لِّكُلِّ صَبَّارٍ شَكُورٍ
32,8,ثُمَّ جَعَلَ نَسْلَهُ مِن سُلَالَةٍ مِّن مَّاءٍ مَّهِينٍ
32,9,ثُمَّ سَوَّاهُ وَنَفَخَ فِيهِ مِن رُّوحِهِ وَجَعَلَ لَكُمُ السَّمْعَ وَالْأَبْصَارَ وَالْأَفْئِدَةَ قَلِيلًا مَّا تَشْكُرُونَ
32,16,تَتَجَافَىٰ جُنُوبُهُمْ عَنِ الْمَضَاجِعِ يَدْعُونَ رَبَّهُمْ خَوْفًا وَطَمَعًا وَمِمَّا رَزَقْنَاهُمْ يُنفِقُونَ
32,27,أَوَلَمْ يَرَوْا أَنَّا نَسُوقُ الْمَاءَ إِلَى الْأَرْضِ الْجُرُزِ فَنُخْرِجُ بِهِ زَرْعًا تَأْكُلُ مِنْهُ أَنْعَامُهُمْ وَأَنفُسُهُمْ أَفَلَا يُبْصِرُونَ
33,4,مَّا جَعَلَ اللَّهُ لِرَجُلٍ مِّن قَلْبَيْنِ فِي جَوْفِهِ وَمَا جَعَلَ أَزْوَاجَكُمُ اللَّائِي تُظَاهِرُونَ مِنْهُنَّ أُمَّهَاتِكُمْ وَمَا جَعَلَ أَدْعِيَاءَكُمْ أَبْنَاءَكُمْ ذَٰلِكُمْ قَوْلُكُم بِأَفْوَاهِكُمْ وَاللَّهُ يَقُولُ الْحَقَّ وَهُوَ يَهْدِي السَّبِيلَ
33,13,وَإِذْ قَالَت طَّائِفَةٌ مِّنْهُمْ يَا أَهْلَ يَثْرِبَ لَا مُقَامَ لَكُمْ فَارْجِعُوا وَيَسْتَأْذِنُ فَرِيقٌ مِّنْهُمُ النَّبِيَّ يَقُولُونَ إِنَّ بُيُوتَنَا عَوْرَةٌ وَمَا هِيَ بِعَوْرَةٍ إِن يُرِيدُونَ إِلَّا فِرَارًا
33,46,وَدَاعِيًا إِلَى اللَّهِ بِإِذْنِهِ وَسِرَاجًا مُّنِيرًا
33,51,تُرْجِي مَن تَشَاءُ مِنْهُنَّ وَتُؤْوِي إِلَيْكَ مَن تَشَاءُ وَمَنِ ابْتَغَيْتَ مِمَّنْ عَزَلْتَ فَلَا جُنَاحَ عَلَيْكَ ذَٰلِكَ أَدْنَىٰ أَن تَقَرَّ أَعْيُنُهُنَّ وَلَا يَحْزَنَّ وَيَرْضَيْنَ بِمَا آتَيْتَهُنَّ كُلُّهُنَّ وَاللَّهُ يَعْلَمُ مَا فِي قُلُوبِكُمْ وَكَانَ اللَّهُ عَلِيمًا حَلِيمًا
34,9,أَفَلَمْ يَرَوْا إِلَىٰ مَا بَيْنَ أَيْدِيهِمْ وَمَا خَلْفَهُم مِّنَ السَّمَاءِ وَالْأَرْضِ إِن نَّشَأْ نَخْسِفْ بِهِمُ الْأَرْضَ أَوْ نُسْقِطْ عَلَيْهِمْ كِسَفًا مِّنَ السَّمَاءِ إِنَّ فِي ذَٰلِكَ لَآيَةً لِّكُلِّ عَبْدٍ مُّنِيبٍ
34,10,وَلَقَدْ آتَيْنَا دَاوُودَ مِنَّا فَضْلًا يَا جِبَالُ أَوِّبِي مَعَهُ وَالطَّيْرَ وَأَلَنَّا لَهُ الْحَدِيدَ
34,15,لَقَدْ كَانَ لِسَبَإٍ فِي مَسْكَنِهِمْ آيَةٌ جَنَّتَانِ عَن يَمِينٍ وَشِمَالٍ كُلُوا مِن رِّزْقِ رَبِّكُمْ وَاشْكُرُوا لَهُ بَلْدَةٌ طَيِّبَةٌ وَرَبٌّ غَفُورٌ
34,16,فَأَعْرَضُوا فَأَرْسَلْنَا عَلَيْهِمْ سَيْلَ الْعَرِمِ وَبَدَّلْنَاهُم بِجَنَّتَيْهِمْ جَنَّتَيْنِ ذَوَاتَيْ أُكُلٍ خَمْطٍ وَأَثْلٍ وَشَيْءٍ مِّن سِدْرٍ قَلِيلٍ
34,18,وَجَعَلْنَا بَيْنَهُمْ وَبَيْنَ الْقُرَى الَّتِي بَارَكْنَا فِيهَا قُرًى ظَاهِرَةً وَقَدَّرْنَا فِيهَا السَّيْرَ سِيرُوا فِيهَا لَيَالِيَ وَأَيَّامًا آمِنِينَ
35,9,وَاللَّهُ الَّذِي أَرْسَلَ الرِّيَاحَ فَتُثِيرُ سَحَابًا فَسُقْنَاهُ إِلَىٰ بَلَدٍ مَّيِّتٍ فَأَحْيَيْنَا بِهِ الْأَرْضَ بَعْدَ مَوْتِهَا كَذَٰلِكَ النُّشُورُ
35,11,وَاللَّهُ خَلَقَكُم مِّن تُرَابٍ ثُمَّ مِن نُّطْفَةٍ ثُمَّ جَعَلَكُمْ أَزْوَاجًا وَمَا تَحْمِلُ مِنْ أُنثَىٰ وَلَا تَضَعُ إِلَّا بِعِلْمِهِ وَمَا يُعَمَّرُ مِن مُّعَمَّرٍ وَلَا يُنقَصُ مِنْ عُمُرِهِ إِلَّا فِي كِتَابٍ إِنَّ ذَٰلِكَ عَلَى اللَّهِ يَسِيرٌ
35,12,وَمَا يَسْتَوِي الْبَحْرَانِ هَـٰذَا عَذْبٌ فُرَاتٌ سَائِغٌ شَرَابُهُ وَهَـٰذَا مِلْحٌ أُجَاجٌ وَمِن كُلٍّ تَأْكُلُونَ لَحْمًا طَرِيًّا وَتَسْتَخْرِجُونَ حِلْيَةً تَلْبَسُونَهَا وَتَرَى الْفُلْكَ فِيهِ مَوَاخِرَ لِتَبْتَغُوا مِن فَضْلِهِ وَلَعَلَّكُمْ تَشْكُرُونَ
35,21,وَلَا الظِّلُّ وَلَا الْحَرُورُ
35,27,أَلَمْ تَرَ أَنَّ اللَّهَ أَنزَلَ مِنَ السَّمَاءِ مَاءً فَأَخْرَجْنَا بِهِ ثَمَرَاتٍ مُّخْتَلِفًا أَلْوَانُهَا وَمِنَ الْجِبَالِ جُدَدٌ بِيضٌ وَحُمْرٌ مُّخْتَلِفٌ أَلْوَانُهَا وَغَرَابِيبُ سُودٌ
35,44,أَوَلَمْ يَسِيرُوا فِي الْأَرْضِ فَيَنظُرُوا كَيْفَ كَانَ عَاقِبَةُ الَّذِينَ مِن قَبْلِهِمْ وَكَانُوا أَشَدَّ مِنْهُمْ قُوَّةً وَمَا كَانَ اللَّهُ لِيُعْجِزَهُ مِن شَيْءٍ فِي السَّمَاوَاتِ وَلَا فِي الْأَرْضِ إِنَّهُ كَانَ عَلِيمًا قَدِيرًا
36,8,إِنَّا جَعَلْنَا فِي أَعْنَاقِهِمْ أَغْلَالًا فَهِيَ إِلَى الْأَذْقَانِ فَهُم مُّقْمَحُونَ
36,33,وَآيَةٌ لَّهُمُ الْأَرْضُ الْمَيْتَةُ أَحْيَيْنَاهَا وَأَخْرَجْنَا مِنْهَا حَبًّا فَمِنْهُ يَأْكُلُونَ
36,34,وَجَعَلْنَا فِيهَا جَنَّاتٍ مِّن نَّخِيلٍ وَأَعْنَابٍ وَفَجَّرْنَا فِيهَا مِنَ الْعُيُونِ
36,37,وَآيَةٌ لَّهُمُ اللَّيْلُ نَسْلَخُ مِنْهُ النَّهَارَ فَإِذَا هُم مُّظْلِمُونَ
36,39,وَالْقَمَرَ قَدَّرْنَاهُ مَنَازِلَ حَتَّىٰ عَادَ كَالْعُرْجُونِ الْقَدِيمِ
36,40,لَا الشَّمْسُ يَنبَغِي لَهَا أَن تُدْرِكَ الْقَمَرَ وَلَا اللَّيْلُ سَابِقُ النَّهَارِ وَكُلٌّ فِي فَلَكٍ يَسْبَحُونَ
36,41,وَآيَةٌ لَّهُمْ أَنَّا حَمَلْنَا ذُرِّيَّتَهُمْ فِي الْفُلْكِ الْمَشْحُونِ
36,43,وَإِن نَّشَأْ نُغْرِقْهُمْ فَلَا صَرِيخَ لَهُمْ وَلَا هُمْ يُنقَذُونَ
36,44,إِلَّا رَحْمَةً مِّنَّا وَمَتَاعًا إِلَىٰ حِينٍ
36,51,وَنُفِخَ فِي الصُّورِ فَإِذَا هُم مِّنَ الْأَجْدَاثِ إِلَىٰ رَبِّهِمْ يَنسِلُونَ
36,56,هُمْ وَأَزْوَاجُهُمْ فِي ظِلَالٍ عَلَى الْأَرَائِكِ مُتَّكِئُونَ
36,57,لَهُمْ فِيهَا فَاكِهَةٌ وَلَهُم مَّا يَدَّعُونَ
36,68,وَمَن نُّعَمِّرْهُ نُنَكِّسْهُ فِي الْخَلْقِ أَفَلَا يَعْقِلُونَ
36,71,أَوَلَمْ يَرَوْا أَنَّا خَلَقْنَا لَهُم مِّمَّا عَمِلَتْ أَيْدِينَا أَنْعَامًا فَهُمْ لَهَا مَالِكُونَ
36,80,الَّذِي جَعَلَ لَكُم مِّنَ الشَّجَرِ الْأَخْضَرِ نَارًا فَإِذَا أَنتُم مِّنْهُ تُوقِدُونَ
37,1,بِسْمِ اللَّهِ الرَّحْمَـٰنِ الرَّحِيمِ وَالصَّافَّاتِ صَفًّا
37,2,فَالزَّاجِرَاتِ زَجْرًا
37,6,إِنَّا زَيَّنَّا السَّمَاءَ الدُّنْيَا بِزِينَةٍ الْكَوَاكِبِ
37,11,فَاسْتَفْتِهِمْ أَهُمْ أَشَدُّ خَلْقًا أَم مَّنْ خَلَقْنَا إِنَّا خَلَقْنَاهُم مِّن طِينٍ لَّازِبٍ
37,13,وَإِذَا ذُكِّرُوا لَا يَذْكُرُونَ
37,19,فَإِنَّمَا هِيَ زَجْرَةٌ وَاحِدَةٌ فَإِذَا هُمْ يَنظُرُونَ
37,24,وَقِفُوهُمْ إِنَّهُم مَّسْئُولُونَ
37,27,وَأَقْبَلَ بَعْضُهُمْ عَلَىٰ بَعْضٍ يَتَسَاءَلُونَ
37,44,عَلَىٰ سُرُرٍ مُّتَقَابِلِينَ
37,45,يُطَافُ عَلَيْهِم بِكَأْسٍ مِّن مَّعِينٍ
37,46,بَيْضَاءَ لَذَّةٍ لِّلشَّارِبِينَ
37,49,كَأَنَّهُنَّ بَيْضٌ مَّكْنُونٌ
37,50,فَأَقْبَلَ بَعْضُهُمْ عَلَىٰ بَعْضٍ يَتَسَاءَلُونَ
37,64,إِنَّهَا شَجَرَةٌ تَخْرُجُ فِي أَصْلِ الْجَحِيمِ
37,65,طَلْعُهَا كَأَنَّهُ رُءُوسُ الشَّيَاطِينِ
37,66,فَإِنَّهُمْ لَآكِلُونَ مِنْهَا فَمَالِئُونَ مِنْهَا الْبُطُونَ
37,78,وَتَرَكْنَا عَلَيْهِ فِي الْآخِرِينَ
37,88,فَنَظَرَ نَظْرَةً فِي النُّجُومِ
37,93,فَرَاغَ عَلَيْهِمْ ضَرْبًا بِالْيَمِينِ
37,108,وَتَرَكْنَا عَلَيْهِ فِي الْآخِرِينَ
37,119,وَتَرَكْنَا عَلَيْهِمَا فِي الْآخِرِينَ
37,129,وَتَرَكْنَا عَلَيْهِ فِي الْآخِرِينَ
37,130,سَلَامٌ عَلَىٰ إِلْ يَاسِينَ
37,137,وَإِنَّكُمْ لَتَمُرُّونَ عَلَيْهِم مُّصْبِحِينَ
37,138,وَبِاللَّيْلِ أَفَلَا تَعْقِلُونَ
37,140,إِذْ أَبَقَ إِلَى الْفُلْكِ الْمَشْحُونِ
37,141,فَسَاهَمَ فَكَانَ مِنَ الْمُدْحَضِينَ
37,146,وَأَنبَتْنَا عَلَيْهِ شَجَرَةً مِّن يَقْطِينٍ
37,147,وَأَرْسَلْنَاهُ إِلَىٰ مِائَةِ أَلْفٍ أَوْ يَزِيدُونَ
37,153,أَصْطَفَى الْبَنَاتِ عَلَى الْبَنِينَ
37,158,وَجَعَلُوا بَيْنَهُ وَبَيْنَ الْجِنَّةِ نَسَبًا وَلَقَدْ عَلِمَتِ الْجِنَّةُ إِنَّهُمْ لَمُحْضَرُونَ
38,3,كَمْ أَهْلَكْنَا مِن قَبْلِهِم مِّن قَرْنٍ فَنَادَوا وَّلَاتَ حِينَ مَنَاصٍ
38,18,إِنَّا سَخَّرْنَا الْجِبَالَ مَعَهُ يُسَبِّحْنَ بِالْعَشِيِّ وَالْإِشْرَاقِ
38,31,إِذْ عُرِضَ عَلَيْهِ بِالْعَشِيِّ الصَّافِنَاتُ الْجِيَادُ
38,36,فَسَخَّرْنَا لَهُ الرِّيحَ تَجْرِي بِأَمْرِهِ رُخَاءً حَيْثُ أَصَابَ
38,37,وَالشَّيَاطِينَ كُلَّ بَنَّاءٍ وَغَوَّاصٍ
38,42,ارْكُضْ بِرِجْلِكَ هَـٰذَا مُغْتَسَلٌ بَارِدٌ وَشَرَابٌ
38,44,وَخُذْ بِيَدِكَ ضِغْثًا فَاضْرِب بِّهِ وَلَا تَحْنَثْ إِنَّا وَجَدْنَاهُ صَابِرًا نِّعْمَ الْعَبْدُ إِنَّهُ أَوَّابٌ
38,51,مُتَّكِئِينَ فِيهَا يَدْعُونَ فِيهَا بِفَاكِهَةٍ كَثِيرَةٍ وَشَرَابٍ
38,72,فَإِذَا سَوَّيْتُهُ وَنَفَخْتُ فِيهِ مِن رُّوحِي فَقَعُوا لَهُ سَاجِدِينَ
38,73,فَسَجَدَ الْمَلَائِكَةُ كُلُّهُمْ أَجْمَعُونَ
39,21,أَلَمْ تَرَ أَنَّ اللَّهَ أَنزَلَ مِنَ السَّمَاءِ مَاءً فَسَلَكَهُ يَنَابِيعَ فِي الْأَرْضِ ثُمَّ يُخْرِجُ بِهِ زَرْعًا مُّخْتَلِفًا أَلْوَانُهُ ثُمَّ يَهِيجُ فَتَرَاهُ مُصْفَرًّا ثُمَّ يَجْعَلُهُ حُطَامًا إِنَّ فِي ذَٰلِكَ لَذِكْرَىٰ لِأُولِي الْأَلْبَابِ
39,30,إِنَّكَ مَيِّتٌ وَإِنَّهُم مَّيِّتُونَ
39,42,اللَّهُ يَتَوَفَّى الْأَنفُسَ حِينَ مَوْتِهَا وَالَّتِي لَمْ تَمُتْ فِي مَنَامِهَا فَيُمْسِكُ الَّتِي قَضَىٰ عَلَيْهَا الْمَوْتَ وَيُرْسِلُ الْأُخْرَىٰ إِلَىٰ أَجَلٍ مُّسَمًّى إِنَّ فِي ذَٰلِكَ لَآيَاتٍ لِّقَوْمٍ يَتَفَكَّرُونَ
39,68,وَنُفِخَ فِي الصُّورِ فَصَعِقَ مَن فِي السَّمَاوَاتِ وَمَن فِي الْأَرْضِ إِلَّا مَن شَاءَ اللَّهُ ثُمَّ نُفِخَ فِيهِ أُخْرَىٰ فَإِذَا هُمْ قِيَامٌ يَنظُرُونَ
40,1,بِسْمِ اللَّهِ الرَّحْمَـٰنِ الرَّحِيمِ حم
40,67,هُوَ الَّذِي خَلَقَكُم مِّن تُرَابٍ ثُمَّ مِن نُّطْفَةٍ ثُمَّ مِنْ عَلَقَةٍ ثُمَّ يُخْرِجُكُمْ طِفْلًا ثُمَّ لِتَبْلُغُوا أَشُدَّكُمْ ثُمَّ لِتَكُونُوا شُيُوخًا وَمِنكُم مَّن يُتَوَفَّىٰ مِن قَبْلُ وَلِتَبْلُغُوا أَجَلًا مُّسَمًّى وَلَعَلَّكُمْ تَعْقِلُونَ
40,71,إِذِ الْأَغْلَالُ فِي أَعْنَاقِهِمْ وَالسَّلَاسِلُ يُسْحَبُونَ
40,72,فِي الْحَمِيمِ ثُمَّ فِي النَّارِ يُسْجَرُونَ
40,79,اللَّهُ الَّذِي جَعَلَ لَكُمُ الْأَنْعَامَ لِتَرْكَبُوا مِنْهَا وَمِنْهَا تَأْكُلُونَ
40,80,وَلَكُمْ فِيهَا مَنَافِعُ وَلِتَبْلُغُوا عَلَيْهَا حَاجَةً فِي صُدُورِكُمْ وَعَلَيْهَا وَعَلَى الْفُلْكِ تُحْمَلُونَ
41,1,بِسْمِ اللَّهِ الرَّحْمَـٰنِ الرَّحِيمِ حم
41,10,وَجَعَلَ فِيهَا رَوَاسِيَ مِن فَوْقِهَا وَبَارَكَ فِيهَا وَقَدَّرَ فِيهَا أَقْوَاتَهَا فِي أَرْبَعَةِ أَيَّامٍ سَوَاءً لِّلسَّائِلِينَ
41,11,ثُمَّ اسْتَوَىٰ إِلَى السَّمَاءِ وَهِيَ دُخَانٌ فَقَالَ لَهَا وَلِلْأَرْضِ ائْتِيَا طَوْعًا أَوْ كَرْهًا قَالَتَا أَتَيْنَا طَائِعِينَ
41,12,فَقَضَاهُنَّ سَبْعَ سَمَاوَاتٍ فِي يَوْمَيْنِ وَأَوْحَىٰ فِي كُلِّ سَمَاءٍ أَمْرَهَا وَزَيَّنَّا السَّمَاءَ الدُّنْيَا بِمَصَابِيحَ وَحِفْظًا ذَٰلِكَ تَقْدِيرُ الْعَزِيزِ الْعَلِيمِ
41,39,وَمِنْ آيَاتِهِ أَنَّكَ تَرَى الْأَرْضَ خَاشِعَةً فَإِذَا أَنزَلْنَا عَلَيْهَا الْمَاءَ اهْتَزَّتْ وَرَبَتْ إِنَّ الَّذِي أَحْيَاهَا لَمُحْيِي الْمَوْتَىٰ إِنَّهُ عَلَىٰ كُلِّ شَيْءٍ قَدِيرٌ
41,49,لَّا يَسْأَمُ الْإِنسَانُ مِن دُعَاءِ الْخَيْرِ وَإِن مَّسَّهُ الشَّرُّ فَيَئُوسٌ قَنُوطٌ
41,53,سَنُرِيهِمْ آيَاتِنَا فِي الْآفَاقِ وَفِي أَنفُسِهِمْ حَتَّىٰ يَتَبَيَّنَ لَهُمْ أَنَّهُ الْحَقُّ أَوَلَمْ يَكْفِ بِرَبِّكَ أَنَّهُ عَلَىٰ كُلِّ شَيْءٍ شَهِيدٌ
42,1,بِسْمِ اللَّهِ الرَّحْمَـٰنِ الرَّحِيمِ حم
42,32,وَمِنْ آيَاتِهِ الْجَوَارِ فِي الْبَحْرِ كَالْأَعْلَامِ
42,33,إِن يَشَأْ يُسْكِنِ الرِّيحَ فَيَظْلَلْنَ رَوَاكِدَ عَلَىٰ ظَهْرِهِ إِنَّ فِي ذَٰلِكَ لَآيَاتٍ لِّكُلِّ صَبَّارٍ شَكُورٍ
43,1,بِسْمِ اللَّهِ الرَّحْمَـٰنِ الرَّحِيمِ حم
43,10,الَّذِي جَعَلَ لَكُمُ الْأَرْضَ مَهْدًا وَجَعَلَ لَكُمْ فِيهَا سُبُلًا لَّعَلَّكُمْ تَهْتَدُونَ
43,11,وَالَّذِي نَزَّلَ مِنَ السَّمَاءِ مَاءً بِقَدَرٍ فَأَنشَرْنَا بِهِ بَلْدَةً مَّيْتًا كَذَٰلِكَ تُخْرَجُونَ
43,12,وَالَّذِي خَلَقَ الْأَزْوَاجَ كُلَّهَا وَجَعَلَ لَكُم مِّنَ الْفُلْكِ وَالْأَنْعَامِ مَا تَرْكَبُونَ
43,18,أَوَمَن يُنَشَّأُ فِي الْحِلْيَةِ وَهُوَ فِي الْخِصَامِ غَيْرُ مُبِينٍ
43,28,وَجَعَلَهَا كَلِمَةً بَاقِيَةً فِي عَقِبِهِ لَعَلَّهُمْ يَرْجِعُونَ
43,33,وَلَوْلَا أَن يَكُونَ النَّاسُ أُمَّةً وَاحِدَةً لَّجَعَلْنَا لِمَن يَكْفُرُ بِالرَّحْمَـٰنِ لِبُيُوتِهِمْ سُقُفًا مِّن فِضَّةٍ وَمَعَارِجَ عَلَيْهَا يَظْهَرُونَ
43,34,وَلِبُيُوتِهِمْ أَبْوَابًا وَسُرُرًا عَلَيْهَا يَتَّكِئُونَ
43,42,أَوْ نُرِيَنَّكَ الَّذِي وَعَدْنَاهُمْ فَإِنَّا عَلَيْهِم مُّقْتَدِرُونَ
43,56,فَجَعَلْنَاهُمْ سَلَفًا وَمَثَلًا لِّلْآخِرِينَ
43,60,وَلَوْ نَشَاءُ لَجَعَلْنَا مِنكُم مَّلَائِكَةً فِي الْأَرْضِ يَخْلُفُونَ
43,71,يُطَافُ عَلَيْهِم بِصِحَافٍ مِّن ذَهَبٍ وَأَكْوَابٍ وَفِيهَا مَا تَشْتَهِيهِ الْأَنفُسُ وَتَلَذُّ الْأَعْيُنُ وَأَنتُمْ فِيهَا خَالِدُونَ
43,73,لَكُمْ فِيهَا فَاكِهَةٌ كَثِيرَةٌ مِّنْهَا تَأْكُلُونَ
43,77,وَنَادَوْا يَا مَالِكُ لِيَقْضِ عَلَيْنَا رَبُّكَ قَالَ إِنَّكُم مَّاكِثُونَ
44,1,بِسْمِ اللَّهِ الرَّحْمَـٰنِ الرَّحِيمِ حم
44,3,إِنَّا أَنزَلْنَاهُ فِي لَيْلَةٍ مُّبَارَكَةٍ إِنَّا كُنَّا مُنذِرِينَ
44,24,وَاتْرُكِ الْبَحْرَ رَهْوًا إِنَّهُمْ جُندٌ مُّغْرَقُونَ
44,25,كَمْ تَرَكُوا مِن جَنَّاتٍ وَعُيُونٍ
44,26,وَزُرُوعٍ وَمَقَامٍ كَرِيمٍ
44,27,وَنَعْمَةٍ كَانُوا فِيهَا فَاكِهِينَ
44,29,فَمَا بَكَتْ عَلَيْهِمُ السَّمَاءُ وَالْأَرْضُ وَمَا كَانُوا مُنظَرِينَ
44,43,إِنَّ شَجَرَتَ الزَّقُّومِ
44,44,طَعَامُ الْأَثِيمِ
44,45,كَالْمُهْلِ يَغْلِي فِي الْبُطُونِ
44,46,كَغَلْيِ الْحَمِيمِ
44,48,ثُمَّ صُبُّوا فَوْقَ رَأْسِهِ مِنْ عَذَابِ الْحَمِيمِ
44,52,فِي جَنَّاتٍ وَعُيُونٍ
44,53,يَلْبَسُونَ مِن سُندُسٍ وَإِسْتَبْرَقٍ مُّتَقَابِلِينَ
44,54,كَذَٰلِكَ وَزَوَّجْنَاهُم بِحُورٍ عِينٍ
44,55,يَدْعُونَ فِيهَا بِكُلِّ فَاكِهَةٍ آمِنِينَ
45,1,بِسْمِ اللَّهِ الرَّحْمَـٰنِ الرَّحِيمِ حم
45,12,اللَّهُ الَّذِي سَخَّرَ لَكُمُ الْبَحْرَ لِتَجْرِيَ الْفُلْكُ فِيهِ بِأَمْرِهِ وَلِتَبْتَغُوا مِن فَضْلِهِ وَلَعَلَّكُمْ تَشْكُرُونَ
46,1,بِسْمِ اللَّهِ الرَّحْمَـٰنِ الرَّحِيمِ حم
47,13,وَكَأَيِّن مِّن قَرْيَةٍ هِيَ أَشَدُّ قُوَّةً مِّن قَرْيَتِكَ الَّتِي أَخْرَجَتْكَ أَهْلَكْنَاهُمْ فَلَا نَاصِرَ لَهُمْ
47,15,مَّثَلُ الْجَنَّةِ الَّتِي وُعِدَ الْمُتَّقُونَ فِيهَا أَنْهَارٌ مِّن مَّاءٍ غَيْرِ آسِنٍ وَأَنْهَارٌ مِّن لَّبَنٍ لَّمْ يَتَغَيَّرْ طَعْمُهُ وَأَنْهَارٌ مِّنْ خَمْرٍ لَّذَّةٍ لِّلشَّارِبِينَ وَأَنْهَارٌ مِّنْ عَسَلٍ مُّصَفًّى وَلَهُمْ فِيهَا مِن كُلِّ الثَّمَرَاتِ وَمَغْفِرَةٌ مِّن رَّبِّهِمْ كَمَنْ هُوَ خَالِدٌ فِي النَّارِ وَسُقُوا مَاءً حَمِيمًا فَقَطَّعَ أَمْعَاءَهُمْ
47,27,فَكَيْفَ إِذَا تَوَفَّتْهُمُ الْمَلَائِكَةُ يَضْرِبُونَ وُجُوهَهُمْ وَأَدْبَارَهُمْ
47,37,إِن يَسْأَلْكُمُوهَا فَيُحْفِكُمْ تَبْخَلُوا وَيُخْرِجْ أَضْغَانَكُمْ
48,21,وَأُخْرَىٰ لَمْ تَقْدِرُوا عَلَيْهَا قَدْ أَحَاطَ اللَّهُ بِهَا وَكَانَ اللَّهُ عَلَىٰ كُلِّ شَيْءٍ قَدِيرًا
50,6,أَفَلَمْ يَنظُرُوا إِلَى السَّمَاءِ فَوْقَهُمْ كَيْفَ بَنَيْنَاهَا وَزَيَّنَّاهَا وَمَا لَهَا مِن فُرُوجٍ
50,7,وَالْأَرْضَ مَدَدْنَاهَا وَأَلْقَيْنَا فِيهَا رَوَاسِيَ وَأَنبَتْنَا فِيهَا مِن كُلِّ زَوْجٍ بَهِيجٍ
50,9,وَنَزَّلْنَا مِنَ السَّمَاءِ مَاءً مُّبَارَكًا فَأَنبَتْنَا بِهِ جَنَّاتٍ وَحَبَّ الْحَصِيدِ
50,10,وَالنَّخْلَ بَاسِقَاتٍ لَّهَا طَلْعٌ نَّضِيدٌ
50,11,رِّزْقًا لِّلْعِبَادِ وَأَحْيَيْنَا بِهِ بَلْدَةً مَّيْتًا كَذَٰلِكَ الْخُرُوجُ
50,15,أَفَعَيِينَا بِالْخَلْقِ الْأَوَّلِ بَلْ هُمْ فِي لَبْسٍ مِّنْ خَلْقٍ جَدِيدٍ
50,17,إِذْ يَتَلَقَّى الْمُتَلَقِّيَانِ عَنِ الْيَمِينِ وَعَنِ الشِّمَالِ قَعِيدٌ
50,40,وَمِنَ اللَّيْلِ فَسَبِّحْهُ وَأَدْبَارَ السُّجُودِ
50,44,يَوْمَ تَشَقَّقُ الْأَرْضُ عَنْهُمْ سِرَاعًا ذَٰلِكَ حَشْرٌ عَلَيْنَا يَسِيرٌ
51,1,بِسْمِ اللَّهِ الرَّحْمَـٰنِ الرَّحِيمِ وَالذَّارِيَاتِ ذَرْوًا
51,7,وَالسَّمَاءِ ذَاتِ الْحُبُكِ
51,8,إِنَّكُمْ لَفِي قَوْلٍ مُّخْتَلِفٍ
51,17,كَانُوا قَلِيلًا مِّنَ اللَّيْلِ مَا يَهْجَعُونَ
51,22,وَفِي السَّمَاءِ رِزْقُكُمْ وَمَا تُوعَدُونَ
51,35,فَأَخْرَجْنَا مَن كَانَ فِيهَا مِنَ الْمُؤْمِنِينَ
51,36,فَمَا وَجَدْنَا فِيهَا غَيْرَ بَيْتٍ مِّنَ الْمُسْلِمِينَ
51,47,وَالسَّمَاءَ بَنَيْنَاهَا بِأَيْدٍ وَإِنَّا لَمُوسِعُونَ
51,48,وَالْأَرْضَ فَرَشْنَاهَا فَنِعْمَ الْمَاهِدُونَ
52,3,فِي رَقٍّ مَّنشُورٍ
52,4,وَالْبَيْتِ الْمَعْمُورِ
52,6,وَالْبَحْرِ الْمَسْجُورِ
52,9,يَوْمَ تَمُورُ السَّمَاءُ مَوْرًا
52,10,وَتَسِيرُ الْجِبَالُ سَيْرًا
52,20,مُتَّكِئِينَ عَلَىٰ سُرُرٍ مَّصْفُوفَةٍ وَزَوَّجْنَاهُم بِحُورٍ عِينٍ
52,22,وَأَمْدَدْنَاهُم بِفَاكِهَةٍ وَلَحْمٍ مِّمَّا يَشْتَهُونَ
52,23,يَتَنَازَعُونَ فِيهَا كَأْسًا لَّا لَغْوٌ فِيهَا وَلَا تَأْثِيمٌ
52,24,وَيَطُوفُ عَلَيْهِمْ غِلْمَانٌ لَّهُمْ كَأَنَّهُمْ لُؤْلُؤٌ مَّكْنُونٌ
52,25,وَأَقْبَلَ بَعْضُهُمْ عَلَىٰ بَعْضٍ يَتَسَاءَلُونَ
52,44,وَإِن يَرَوْا كِسْفًا مِّنَ السَّمَاءِ سَاقِطًا يَقُولُوا سَحَابٌ مَّرْكُومٌ
52,45,فَذَرْهُمْ حَتَّىٰ يُلَاقُوا يَوْمَهُمُ الَّذِي فِيهِ يُصْعَقُونَ
52,49,وَمِنَ اللَّيْلِ فَسَبِّحْهُ وَإِدْبَارَ النُّجُومِ
53,8,ثُمَّ دَنَا فَتَدَلَّىٰ
53,9,فَكَانَ قَابَ قَوْسَيْنِ أَوْ أَدْنَىٰ
53,12,أَفَتُمَارُونَهُ عَلَىٰ مَا يَرَىٰ
53,14,عِندَ سِدْرَةِ الْمُنتَهَىٰ
53,16,إِذْ يَغْشَى السِّدْرَةَ مَا يَغْشَىٰ
53,20,وَمَنَاةَ الثَّالِثَةَ الْأُخْرَىٰ
53,22,تِلْكَ إِذًا قِسْمَةٌ ضِيزَىٰ
53,34,وَأَعْطَىٰ قَلِيلًا وَأَكْدَىٰ
53,46,مِن نُّطْفَةٍ إِذَا تُمْنَىٰ
53,53,وَالْمُؤْتَفِكَةَ أَهْوَىٰ
53,54,فَغَشَّاهَا مَا غَشَّىٰ
54,7,خُشَّعًا أَبْصَارُهُمْ يَخْرُجُونَ مِنَ الْأَجْدَاثِ كَأَنَّهُمْ جَرَادٌ مُّنتَشِرٌ
54,11,فَفَتَحْنَا أَبْوَابَ السَّمَاءِ بِمَاءٍ مُّنْهَمِرٍ
54,12,وَفَجَّرْنَا الْأَرْضَ عُيُونًا فَالْتَقَى الْمَاءُ عَلَىٰ أَمْرٍ قَدْ قُدِرَ
54,13,وَحَمَلْنَاهُ عَلَىٰ ذَاتِ أَلْوَاحٍ وَدُسُرٍ
54,20,تَنزِعُ النَّاسَ كَأَنَّهُمْ أَعْجَازُ نَخْلٍ مُّنقَعِرٍ
54,28,وَنَبِّئْهُمْ أَنَّ الْمَاءَ قِسْمَةٌ بَيْنَهُمْ كُلُّ شِرْبٍ مُّحْتَضَرٌ
54,29,فَنَادَوْا صَاحِبَهُمْ فَتَعَاطَىٰ فَعَقَرَ
54,48,يَوْمَ يُسْحَبُونَ فِي النَّارِ عَلَىٰ وُجُوهِهِمْ ذُوقُوا مَسَّ سَقَرَ
55,5,الشَّمْسُ وَالْقَمَرُ بِحُسْبَانٍ
55,6,وَالنَّجْمُ وَالشَّجَرُ يَسْجُدَانِ
55,11,فِيهَا فَاكِهَةٌ وَالنَّخْلُ ذَاتُ الْأَكْمَامِ
55,12,وَالْحَبُّ ذُو الْعَصْفِ وَالرَّيْحَانُ
55,14,خَلَقَ الْإِنسَانَ مِن صَلْصَالٍ كَالْفَخَّارِ
55,15,وَخَلَقَ الْجَانَّ مِن مَّارِجٍ مِّن نَّارٍ
55,19,مَرَجَ الْبَحْرَيْنِ يَلْتَقِيَانِ
55,22,يَخْرُجُ مِنْهُمَا اللُّؤْلُؤُ وَالْمَرْجَانُ
55,24,وَلَهُ الْجَوَارِ الْمُنشَآتُ فِي الْبَحْرِ كَالْأَعْلَامِ
55,26,كُلُّ مَنْ عَلَيْهَا فَانٍ
55,31,سَنَفْرُغُ لَكُمْ أَيُّهَ الثَّقَلَانِ
55,35,يُرْسَلُ عَلَيْكُمَا شُوَاظٌ مِّن نَّارٍ وَنُحَاسٌ فَلَا تَنتَصِرَانِ
55,37,فَإِذَا انشَقَّتِ السَّمَاءُ فَكَانَتْ وَرْدَةً كَالدِّهَانِ
55,44,يَطُوفُونَ بَيْنَهَا وَبَيْنَ حَمِيمٍ آنٍ
55,48,ذَوَاتَا أَفْنَانٍ
55,50,فِيهِمَا عَيْنَانِ تَجْرِيَانِ
55,52,فِيهِمَا مِن كُلِّ فَاكِهَةٍ زَوْجَانِ
55,54,مُتَّكِئِينَ عَلَىٰ فُرُشٍ بَطَائِنُهَا مِنْ إِسْتَبْرَقٍ وَجَنَى الْجَنَّتَيْنِ دَانٍ
55,58,كَأَنَّهُنَّ الْيَاقُوتُ وَالْمَرْجَانُ
55,66,فِيهِمَا عَيْنَانِ نَضَّاخَتَانِ
55,68,فِيهِمَا فَاكِهَةٌ وَنَخْلٌ وَرُمَّانٌ
55,70,فِيهِنَّ خَيْرَاتٌ حِسَانٌ
55,72,حُورٌ مَّقْصُورَاتٌ فِي الْخِيَامِ
55,76,مُتَّكِئِينَ عَلَىٰ رَفْرَفٍ خُضْرٍ وَعَبْقَرِيٍّ حِسَانٍ
56,1,بِسْمِ اللَّهِ الرَّحْمَـٰنِ الرَّحِيمِ إِذَا وَقَعَتِ الْوَاقِعَةُ
56,2,لَيْسَ لِوَقْعَتِهَا كَاذِبَةٌ
56,3,خَافِضَةٌ رَّافِعَةٌ
56,4,إِذَا رُجَّتِ الْأَرْضُ رَجًّا
56,5,وَبُسَّتِ الْجِبَالُ بَسًّا
56,6,فَكَانَتْ هَبَاءً مُّنبَثًّا
56,7,وَكُنتُمْ أَزْوَاجًا ثَلَاثَةً
56,15,عَلَىٰ سُرُرٍ مَّوْضُونَةٍ
56,16,مُّتَّكِئِينَ عَلَيْهَا مُتَقَابِلِينَ
56,17,يَطُوفُ عَلَيْهِمْ وِلْدَانٌ مُّخَلَّدُونَ
56,18,بِأَكْوَابٍ وَأَبَارِيقَ وَكَأْسٍ مِّن مَّعِينٍ
56,20,وَفَاكِهَةٍ مِّمَّا يَتَخَيَّرُونَ
56,21,وَلَحْمِ طَيْرٍ مِّمَّا يَشْتَهُونَ
56,22,وَحُورٌ عِينٌ
56,23,كَأَمْثَالِ اللُّؤْلُؤِ الْمَكْنُونِ
56,25,لَا يَسْمَعُونَ فِيهَا لَغْوًا وَلَا تَأْثِيمًا
56,28,فِي سِدْرٍ مَّخْضُودٍ
56,29,وَطَلْحٍ مَّنضُودٍ
56,30,وَظِلٍّ مَّمْدُودٍ
56,31,وَمَاءٍ مَّسْكُوبٍ
56,32,وَفَاكِهَةٍ كَثِيرَةٍ
56,34,وَفُرُشٍ مَّرْفُوعَةٍ
56,35,إِنَّا أَنشَأْنَاهُنَّ إِنشَاءً
56,36,فَجَعَلْنَاهُنَّ أَبْكَارًا
56,37,عُرُبًا أَتْرَابًا
56,41,وَأَصْحَابُ الشِّمَالِ مَا أَصْحَابُ الشِّمَالِ
56,42,فِي سَمُومٍ وَحَمِيمٍ
56,43,وَظِلٍّ مِّن يَحْمُومٍ
56,52,لَآكِلُونَ مِن شَجَرٍ مِّن زَقُّومٍ
56,53,فَمَالِئُونَ مِنْهَا الْبُطُونَ
56,54,فَشَارِبُونَ عَلَيْهِ مِنَ الْحَمِيمِ
56,55,فَشَارِبُونَ شُرْبَ الْهِيمِ
56,61,عَلَىٰ أَن نُّبَدِّلَ أَمْثَالَكُمْ وَنُنشِئَكُمْ فِي مَا لَا تَعْلَمُونَ
56,65,لَوْ نَشَاءُ لَجَعَلْنَاهُ حُطَامًا فَظَلْتُمْ تَفَكَّهُونَ
56,68,أَفَرَأَيْتُمُ الْمَاءَ الَّذِي تَشْرَبُونَ
56,70,لَوْ نَشَاءُ جَعَلْنَاهُ أُجَاجًا فَلَوْلَا تَشْكُرُونَ
56,73,نَحْنُ جَعَلْنَاهَا تَذْكِرَةً وَمَتَاعًا لِّلْمُقْوِينَ
56,75,فَلَا أُقْسِمُ بِمَوَاقِعِ النُّجُومِ
56,78,فِي كِتَابٍ مَّكْنُونٍ
56,89,فَرَوْحٌ وَرَيْحَانٌ وَجَنَّتُ نَعِيمٍ
56,93,فَنُزُلٌ مِّنْ حَمِيمٍ
57,6,يُولِجُ اللَّيْلَ فِي النَّهَارِ وَيُولِجُ النَّهَارَ فِي اللَّيْلِ وَهُوَ عَلِيمٌ بِذَاتِ الصُّدُورِ
57,23,لِّكَيْلَا تَأْسَوْا عَلَىٰ مَا فَاتَكُمْ وَلَا تَفْرَحُوا بِمَا آتَاكُمْ وَاللَّهُ لَا يُحِبُّ كُلَّ مُخْتَالٍ فَخُورٍ
58,2,الَّذِينَ يُظَاهِرُونَ مِنكُم مِّن نِّسَائِهِم مَّا هُنَّ أُمَّهَاتِهِمْ إِنْ أُمَّهَاتُهُمْ إِلَّا اللَّائِي وَلَدْنَهُمْ وَإِنَّهُمْ لَيَقُولُونَ مُنكَرًا مِّنَ الْقَوْلِ وَزُورًا وَإِنَّ اللَّهَ لَعَفُوٌّ غَفُورٌ
59,2,هُوَ الَّذِي أَخْرَجَ الَّذِينَ كَفَرُوا مِنْ أَهْلِ الْكِتَابِ مِن دِيَارِهِمْ لِأَوَّلِ الْحَشْرِ مَا ظَنَنتُمْ أَن يَخْرُجُوا وَظَنُّوا أَنَّهُم مَّانِعَتُهُمْ حُصُونُهُم مِّنَ اللَّهِ فَأَتَاهُمُ اللَّهُ مِنْ حَيْثُ لَمْ يَحْتَسِبُوا وَقَذَفَ فِي قُلُوبِهِمُ الرُّعْبَ يُخْرِبُونَ بُيُوتَهُم بِأَيْدِيهِمْ وَأَيْدِي الْمُؤْمِنِينَ فَاعْتَبِرُوا يَا أُولِي الْأَبْصَارِ
59,5,مَا قَطَعْتُم مِّن لِّينَةٍ أَوْ تَرَكْتُمُوهَا قَائِمَةً عَلَىٰ أُصُولِهَا فَبِإِذْنِ اللَّهِ وَلِيُخْزِيَ الْفَاسِقِينَ
59,21,لَوْ أَنزَلْنَا هَـٰذَا الْقُرْآنَ عَلَىٰ جَبَلٍ لَّرَأَيْتَهُ خَاشِعًا مُّتَصَدِّعًا مِّنْ خَشْيَةِ اللَّهِ وَتِلْكَ الْأَمْثَالُ نَضْرِبُهَا لِلنَّاسِ لَعَلَّهُمْ يَتَفَكَّرُونَ
62,10,فَإِذَا قُضِيَتِ الصَّلَاةُ فَانتَشِرُوا فِي الْأَرْضِ وَابْتَغُوا مِن فَضْلِ اللَّهِ وَاذْكُرُوا اللَّهَ كَثِيرًا لَّعَلَّكُمْ تُفْلِحُونَ
65,4,وَاللَّائِي يَئِسْنَ مِنَ الْمَحِيضِ مِن نِّسَائِكُمْ إِنِ ارْتَبْتُمْ فَعِدَّتُهُنَّ ثَلَاثَةُ أَشْهُرٍ وَاللَّائِي لَمْ يَحِضْنَ وَأُولَاتُ الْأَحْمَالِ أَجَلُهُنَّ أَن يَضَعْنَ حَمْلَهُنَّ وَمَن يَتَّقِ اللَّهَ يَجْعَل لَّهُ مِنْ أَمْرِهِ يُسْرًا
65,6,أَسْكِنُوهُنَّ مِنْ حَيْثُ سَكَنتُم مِّن وُجْدِكُمْ وَلَا تُضَارُّوهُنَّ لِتُضَيِّقُوا عَلَيْهِنَّ وَإِن كُنَّ أُولَاتِ حَمْلٍ فَأَنفِقُوا عَلَيْهِنَّ حَتَّىٰ يَضَعْنَ حَمْلَهُنَّ فَإِنْ أَرْضَعْنَ لَكُمْ فَآتُوهُنَّ أُجُورَهُنَّ وَأْتَمِرُوا بَيْنَكُم بِمَعْرُوفٍ وَإِن تَعَاسَرْتُمْ فَسَتُرْضِعُ لَهُ أُخْرَىٰ
66,12,وَمَرْيَمَ ابْنَتَ عِمْرَانَ الَّتِي أَحْصَنَتْ فَرْجَهَا فَنَفَخْنَا فِيهِ مِن رُّوحِنَا وَصَدَّقَتْ بِكَلِمَاتِ رَبِّهَا وَكُتُبِهِ وَكَانَتْ مِنَ الْقَانِتِينَ
67,3,الَّذِي خَلَقَ سَبْعَ سَمَاوَاتٍ طِبَاقًا مَّا تَرَىٰ فِي خَلْقِ الرَّحْمَـٰنِ مِن تَفَاوُتٍ فَارْجِعِ الْبَصَرَ هَلْ تَرَىٰ مِن فُطُورٍ
67,13,وَأَسِرُّوا قَوْلَكُمْ أَوِ اجْهَرُوا بِهِ إِنَّهُ عَلِيمٌ بِذَاتِ الصُّدُورِ
67,16,أَأَمِنتُم مَّن فِي السَّمَاءِ أَن يَخْسِفَ بِكُمُ الْأَرْضَ فَإِذَا هِيَ تَمُورُ
67,17,أَمْ أَمِنتُم مَّن فِي السَّمَاءِ أَن يُرْسِلَ عَلَيْكُمْ حَاصِبًا فَسَتَعْلَمُونَ كَيْفَ نَذِيرِ
67,30,قُلْ أَرَأَيْتُمْ إِنْ أَصْبَحَ مَاؤُكُمْ غَوْرًا فَمَن يَأْتِيكُم بِمَاءٍ مَّعِينٍ
68,1,بِسْمِ اللَّهِ الرَّحْمَـٰنِ الرَّحِيمِ ن وَالْقَلَمِ وَمَا يَسْطُرُونَ
68,6,بِأَييِّكُمُ الْمَفْتُونُ
68,11,هَمَّازٍ مَّشَّاءٍ بِنَمِيمٍ
68,20,فَأَصْبَحَتْ كَالصَّرِيمِ
68,22,أَنِ اغْدُوا عَلَىٰ حَرْثِكُمْ إِن كُنتُمْ صَارِمِينَ
68,25,وَغَدَوْا عَلَىٰ حَرْدٍ قَادِرِينَ
68,30,فَأَقْبَلَ بَعْضُهُمْ عَلَىٰ بَعْضٍ يَتَلَاوَمُونَ
68,38,إِنَّ لَكُمْ فِيهِ لَمَا تَخَيَّرُونَ
68,42,يَوْمَ يُكْشَفُ عَن سَاقٍ وَيُدْعَوْنَ إِلَى السُّجُودِ فَلَا يَسْتَطِيعُونَ
68,43,خَاشِعَةً أَبْصَارُهُمْ تَرْهَقُهُمْ ذِلَّةٌ وَقَدْ كَانُوا يُدْعَوْنَ إِلَى السُّجُودِ وَهُمْ سَالِمُونَ
69,7,سَخَّرَهَا عَلَيْهِمْ سَبْعَ لَيَالٍ وَثَمَانِيَةَ أَيَّامٍ حُسُومًا فَتَرَى الْقَوْمَ فِيهَا صَرْعَىٰ كَأَنَّهُمْ أَعْجَازُ نَخْلٍ خَاوِيَةٍ
69,11,إِنَّا لَمَّا طَغَى الْمَاءُ حَمَلْنَاكُمْ فِي الْجَارِيَةِ
69,12,لِنَجْعَلَهَا لَكُمْ تَذْكِرَةً وَتَعِيَهَا أُذُنٌ وَاعِيَةٌ
69,13,فَإِذَا نُفِخَ فِي الصُّورِ نَفْخَةٌ وَاحِدَةٌ
69,14,وَحُمِلَتِ الْأَرْضُ وَالْجِبَالُ فَدُكَّتَا دَكَّةً وَاحِدَةً
69,15,فَيَوْمَئِذٍ وَقَعَتِ الْوَاقِعَةُ
69,16,وَانشَقَّتِ السَّمَاءُ فَهِيَ يَوْمَئِذٍ وَاهِيَةٌ
69,21,فَهُوَ فِي عِيشَةٍ رَّاضِيَةٍ
69,23,قُطُوفُهَا دَانِيَةٌ
69,24,كُلُوا وَاشْرَبُوا هَنِيئًا بِمَا أَسْلَفْتُمْ فِي الْأَيَّامِ الْخَالِيَةِ
69,30,خُذُوهُ فَغُلُّوهُ
69,32,ثُمَّ فِي سِلْسِلَةٍ ذَرْعُهَا سَبْعُونَ ذِرَاعًا فَاسْلُكُوهُ
69,34,وَلَا يَحُضُّ عَلَىٰ طَعَامِ الْمِسْكِينِ
69,36,وَلَا طَعَامٌ إِلَّا مِنْ غِسْلِينٍ
69,46,ثُمَّ لَقَطَعْنَا مِنْهُ الْوَتِينَ
70,8,يَوْمَ تَكُونُ السَّمَاءُ كَالْمُهْلِ
70,9,وَتَكُونُ الْجِبَالُ كَالْعِهْنِ
70,10,وَلَا يَسْأَلُ حَمِيمٌ حَمِيمًا
70,12,وَصَاحِبَتِهِ وَأَخِيهِ
70,13,وَفَصِيلَتِهِ الَّتِي تُؤْوِيهِ
70,16,نَزَّاعَةً لِّلشَّوَىٰ
70,20,إِذَا مَسَّهُ الشَّرُّ جَزُوعًا
70,21,وَإِذَا مَسَّهُ الْخَيْرُ مَنُوعًا
70,30,إِلَّا عَلَىٰ أَزْوَاجِهِمْ أَوْ مَا مَلَكَتْ أَيْمَانُهُمْ فَإِنَّهُمْ غَيْرُ مَلُومِينَ
70,37,عَنِ الْيَمِينِ وَعَنِ الشِّمَالِ عِزِينَ
70,40,فَلَا أُقْسِمُ بِرَبِّ الْمَشَارِقِ وَالْمَغَارِبِ إِنَّا لَقَادِرُونَ
70,43,يَوْمَ يَخْرُجُونَ مِنَ الْأَجْدَاثِ سِرَاعًا كَأَنَّهُمْ إِلَىٰ نُصُبٍ يُوفِضُونَ
70,44,خَاشِعَةً أَبْصَارُهُمْ تَرْهَقُهُمْ ذِلَّةٌ ذَٰلِكَ الْيَوْمُ الَّذِي كَانُوا يُوعَدُونَ
71,6,فَلَمْ يَزِدْهُمْ دُعَائِي إِلَّا فِرَارًا
71,7,وَإِنِّي كُلَّمَا دَعَوْتُهُمْ لِتَغْفِرَ لَهُمْ جَعَلُوا أَصَابِعَهُمْ فِي آذَانِهِمْ وَاسْتَغْشَوْا ثِيَابَهُمْ وَأَصَرُّوا وَاسْتَكْبَرُوا اسْتِكْبَارًا
71,11,يُرْسِلِ السَّمَاءَ عَلَيْكُم مِّدْرَارًا
71,12,وَيُمْدِدْكُم بِأَمْوَالٍ وَبَنِينَ وَيَجْعَل لَّكُمْ جَنَّاتٍ وَيَجْعَل لَّكُمْ أَنْهَارًا
71,15,أَلَمْ تَرَوْا كَيْفَ خَلَقَ اللَّهُ سَبْعَ سَمَاوَاتٍ طِبَاقًا
71,16,وَجَعَلَ الْقَمَرَ فِيهِنَّ نُورًا وَجَعَلَ الشَّمْسَ سِرَاجًا
71,17,وَاللَّهُ أَنبَتَكُم مِّنَ الْأَرْضِ نَبَاتًا
71,18,ثُمَّ يُعِيدُكُمْ فِيهَا وَيُخْرِجُكُمْ إِخْرَاجًا
71,20,لِّتَسْلُكُوا مِنْهَا سُبُلًا فِجَاجًا
72,8,وَأَنَّا لَمَسْنَا السَّمَاءَ فَوَجَدْنَاهَا مُلِئَتْ حَرَسًا شَدِيدًا وَشُهُبًا
72,11,وَأَنَّا مِنَّا الصَّالِحُونَ وَمِنَّا دُونَ ذَٰلِكَ كُنَّا طَرَائِقَ قِدَدًا
72,16,وَأَن لَّوِ اسْتَقَامُوا عَلَى الطَّرِيقَةِ لَأَسْقَيْنَاهُم مَّاءً غَدَقًا
73,2,قُمِ اللَّيْلَ إِلَّا قَلِيلًا
73,3,نِّصْفَهُ أَوِ انقُصْ مِنْهُ قَلِيلًا
73,6,إِنَّ نَاشِئَةَ اللَّيْلِ هِيَ أَشَدُّ وَطْئًا وَأَقْوَمُ قِيلًا
73,7,إِنَّ لَكَ فِي النَّهَارِ سَبْحًا طَوِيلًا
73,10,وَاصْبِرْ عَلَىٰ مَا يَقُولُونَ وَاهْجُرْهُمْ هَجْرًا جَمِيلًا
73,14,يَوْمَ تَرْجُفُ الْأَرْضُ وَالْجِبَالُ وَكَانَتِ الْجِبَالُ كَثِيبًا مَّهِيلًا
73,17,فَكَيْفَ تَتَّقُونَ إِن كَفَرْتُمْ يَوْمًا يَجْعَلُ الْوِلْدَانَ شِيبًا
74,4,وَثِيَابَكَ فَطَهِّرْ
74,8,فَإِذَا نُقِرَ فِي النَّاقُورِ
74,11,ذَرْنِي وَمَنْ خَلَقْتُ وَحِيدًا
74,17,سَأُرْهِقُهُ صَعُودًا
74,18,إِنَّهُ فَكَّرَ وَقَدَّرَ
74,19,فَقُتِلَ كَيْفَ قَدَّرَ
74,20,ثُمَّ قُتِلَ كَيْفَ قَدَّرَ
74,22,ثُمَّ عَبَسَ وَبَسَرَ
74,26,سَأُصْلِيهِ سَقَرَ
74,27,وَمَا أَدْرَاكَ مَا سَقَرُ
74,33,وَاللَّيْلِ إِذْ أَدْبَرَ
74,34,وَالصُّبْحِ إِذَا أَسْفَرَ
74,37,لِمَن شَاءَ مِنكُمْ أَن يَتَقَدَّمَ أَوْ يَتَأَخَّرَ
74,40,فِي جَنَّاتٍ يَتَسَاءَلُونَ
74,42,مَا سَلَكَكُمْ فِي سَقَرَ
74,50,كَأَنَّهُمْ حُمُرٌ مُّسْتَنفِرَةٌ
74,51,فَرَّتْ مِن قَسْوَرَةٍ
75,4,بَلَىٰ قَادِرِينَ عَلَىٰ أَن نُّسَوِّيَ بَنَانَهُ
75,7,فَإِذَا بَرِقَ الْبَصَرُ
75,9,وَجُمِعَ الشَّمْسُ وَالْقَمَرُ
75,13,يُنَبَّأُ الْإِنسَانُ يَوْمَئِذٍ بِمَا قَدَّمَ وَأَخَّرَ
75,15,وَلَوْ أَلْقَىٰ مَعَاذِيرَهُ
75,24,وَوُجُوهٌ يَوْمَئِذٍ بَاسِرَةٌ
75,29,وَالْتَفَّتِ السَّاقُ بِالسَّاقِ
75,33,ثُمَّ ذَهَبَ إِلَىٰ أَهْلِهِ يَتَمَطَّىٰ
75,37,أَلَمْ يَكُ نُطْفَةً مِّن مَّنِيٍّ يُمْنَىٰ
75,38,ثُمَّ كَانَ عَلَقَةً فَخَلَقَ فَسَوَّىٰ
75,39,فَجَعَلَ مِنْهُ الزَّوْجَيْنِ الذَّكَرَ وَالْأُنثَىٰ
76,5,إِنَّ الْأَبْرَارَ يَشْرَبُونَ مِن كَأْسٍ كَانَ مِزَاجُهَا كَافُورًا
76,6,عَيْنًا يَشْرَبُ بِهَا عِبَادُ اللَّهِ يُفَجِّرُونَهَا تَفْجِيرًا
76,8,وَيُطْعِمُونَ الطَّعَامَ عَلَىٰ حُبِّهِ مِسْكِينًا وَيَتِيمًا وَأَسِيرًا
76,13,مُّتَّكِئِينَ فِيهَا عَلَى الْأَرَائِكِ لَا يَرَوْنَ فِيهَا شَمْسًا وَلَا زَمْهَرِيرًا
76,14,وَدَانِيَةً عَلَيْهِمْ ظِلَالُهَا وَذُلِّلَتْ قُطُوفُهَا تَذْلِيلًا
76,15,وَيُطَافُ عَلَيْهِم بِآنِيَةٍ مِّن فِضَّةٍ وَأَكْوَابٍ كَانَتْ قَوَارِيرَا
76,16,قَوَارِيرَ مِن فِضَّةٍ قَدَّرُوهَا تَقْدِيرًا
76,17,وَيُسْقَوْنَ فِيهَا كَأْسًا كَانَ مِزَاجُهَا زَنجَبِيلًا
76,18,عَيْنًا فِيهَا تُسَمَّىٰ سَلْسَبِيلًا
76,19,وَيَطُوفُ عَلَيْهِمْ وِلْدَانٌ مُّخَلَّدُونَ إِذَا رَأَيْتَهُمْ حَسِبْتَهُمْ لُؤْلُؤًا مَّنثُورًا
76,21,عَالِيَهُمْ ثِيَابُ سُندُسٍ خُضْرٌ وَإِسْتَبْرَقٌ وَحُلُّوا أَسَاوِرَ مِن فِضَّةٍ وَسَقَاهُمْ رَبُّهُمْ شَرَابًا طَهُورًا
76,26,وَمِنَ اللَّيْلِ فَاسْجُدْ لَهُ وَسَبِّحْهُ لَيْلًا طَوِيلًا
77,1,بِسْمِ اللَّهِ الرَّحْمَـٰنِ الرَّحِيمِ وَالْمُرْسَلَاتِ عُرْفًا
77,2,فَالْعَاصِفَاتِ عَصْفًا
77,3,وَالنَّاشِرَاتِ نَشْرًا
77,4,فَالْفَارِقَاتِ فَرْقًا
77,6,عُذْرًا أَوْ نُذْرًا
77,8,فَإِذَا النُّجُومُ طُمِسَتْ
77,9,وَإِذَا السَّمَاءُ فُرِجَتْ
77,10,وَإِذَا الْجِبَالُ نُسِفَتْ
77,20,أَلَمْ نَخْلُقكُّم مِّن مَّاءٍ مَّهِينٍ
77,21,فَجَعَلْنَاهُ فِي قَرَارٍ مَّكِينٍ
77,22,إِلَىٰ قَدَرٍ مَّعْلُومٍ
77,23,فَقَدَرْنَا فَنِعْمَ الْقَادِرُونَ
77,25,أَلَمْ نَجْعَلِ الْأَرْضَ كِفَاتًا
77,27,وَجَعَلْنَا فِيهَا رَوَاسِيَ شَامِخَاتٍ وَأَسْقَيْنَاكُم مَّاءً فُرَاتًا
77,30,انطَلِقُوا إِلَىٰ ظِلٍّ ذِي ثَلَاثِ شُعَبٍ
77,32,إِنَّهَا تَرْمِي بِشَرَرٍ كَالْقَصْرِ
77,41,إِنَّ الْمُتَّقِينَ فِي ظِلَالٍ وَعُيُونٍ
77,42,وَفَوَاكِهَ مِمَّا يَشْتَهُونَ
77,48,وَإِذَا قِيلَ لَهُمُ ارْكَعُوا لَا يَرْكَعُونَ
78,3,الَّذِي هُمْ فِيهِ مُخْتَلِفُونَ
78,6,أَلَمْ نَجْعَلِ الْأَرْضَ مِهَادًا
78,7,وَالْجِبَالَ أَوْتَادًا
78,8,وَخَلَقْنَاكُمْ أَزْوَاجًا
78,9,وَجَعَلْنَا نَوْمَكُمْ سُبَاتًا
78,10,وَجَعَلْنَا اللَّيْلَ لِبَاسًا
78,11,وَجَعَلْنَا النَّهَارَ مَعَاشًا
78,12,وَبَنَيْنَا فَوْقَكُمْ سَبْعًا شِدَادًا
78,13,وَجَعَلْنَا سِرَاجًا وَهَّاجًا
78,14,وَأَنزَلْنَا مِنَ الْمُعْصِرَاتِ مَاءً ثَجَّاجًا
78,15,لِّنُخْرِجَ بِهِ حَبًّا وَنَبَاتًا
78,19,وَفُتِحَتِ السَّمَاءُ فَكَانَتْ أَبْوَابًا
78,20,وَسُيِّرَتِ الْجِبَالُ فَكَانَتْ سَرَابًا
78,23,لَّابِثِينَ فِيهَا أَحْقَابًا
78,24,لَّا يَذُوقُونَ فِيهَا بَرْدًا وَلَا شَرَابًا
78,25,إِلَّا حَمِيمًا وَغَسَّاقًا
78,32,حَدَائِقَ وَأَعْنَابًا
78,33,وَكَوَاعِبَ أَتْرَابًا
78,34,وَكَأْسًا دِهَاقًا
78,35,لَّا يَسْمَعُونَ فِيهَا لَغْوًا وَلَا كِذَّابًا
79,1,بِسْمِ اللَّهِ الرَّحْمَـٰنِ الرَّحِيمِ وَالنَّازِعَاتِ غَرْقًا
79,2,وَالنَّاشِطَاتِ نَشْطًا
79,3,وَالسَّابِحَاتِ سَبْحًا
79,4,فَالسَّابِقَاتِ سَبْقًا
79,6,يَوْمَ تَرْجُفُ الرَّاجِفَةُ
79,9,أَبْصَارُهَا خَاشِعَةٌ
79,13,فَإِنَّمَا هِيَ زَجْرَةٌ وَاحِدَةٌ
79,22,ثُمَّ أَدْبَرَ يَسْعَىٰ
79,26,إِنَّ فِي ذَٰلِكَ لَعِبْرَةً لِّمَن يَخْشَىٰ
79,27,أَأَنتُمْ أَشَدُّ خَلْقًا أَمِ السَّمَاءُ بَنَاهَا
79,28,رَفَعَ سَمْكَهَا فَسَوَّاهَا
79,29,وَأَغْطَشَ لَيْلَهَا وَأَخْرَجَ ضُحَاهَا
79,31,أَخْرَجَ مِنْهَا مَاءَهَا وَمَرْعَاهَا
79,32,وَالْجِبَالَ أَرْسَاهَا
79,33,مَتَاعًا لَّكُمْ وَلِأَنْعَامِكُمْ
79,46,كَأَنَّهُمْ يَوْمَ يَرَوْنَهَا لَمْ يَلْبَثُوا إِلَّا عَشِيَّةً أَوْ ضُحَاهَا
80,14,مَّرْفُوعَةٍ مُّطَهَّرَةٍ
80,15,بِأَيْدِي سَفَرَةٍ
80,16,كِرَامٍ بَرَرَةٍ
80,19,مِن نُّطْفَةٍ خَلَقَهُ فَقَدَّرَهُ
80,21,ثُمَّ أَمَاتَهُ فَأَقْبَرَهُ
80,22,ثُمَّ إِذَا شَاءَ أَنشَرَهُ
80,25,أَنَّا صَبَبْنَا الْمَاءَ صَبًّا
80,26,ثُمَّ شَقَقْنَا الْأَرْضَ شَقًّا
80,27,فَأَنبَتْنَا فِيهَا حَبًّا
80,28,وَعِنَبًا وَقَضْبًا
80,29,وَزَيْتُونًا وَنَخْلًا
80,30,وَحَدَائِقَ غُلْبًا
80,31,وَفَاكِهَةً وَأَبًّا
80,32,مَّتَاعًا لَّكُمْ وَلِأَنْعَامِكُمْ
80,36,وَصَاحِبَتِهِ وَبَنِيهِ
80,39,ضَاحِكَةٌ مُّسْتَبْشِرَةٌ
80,41,تَرْهَقُهَا قَتَرَةٌ
81,1,بِسْمِ اللَّهِ الرَّحْمَـٰنِ الرَّحِيمِ إِذَا الشَّمْسُ كُوِّرَتْ
81,2,وَإِذَا النُّجُومُ انكَدَرَتْ
81,3,وَإِذَا الْجِبَالُ سُيِّرَتْ
81,4,وَإِذَا الْعِشَارُ عُطِّلَتْ
81,5,وَإِذَا الْوُحُوشُ حُشِرَتْ
81,6,وَإِذَا الْبِحَارُ سُجِّرَتْ
81,7,وَإِذَا النُّفُوسُ زُوِّجَتْ
81,8,وَإِذَا الْمَوْءُودَةُ سُئِلَتْ
81,11,وَإِذَا السَّمَاءُ كُشِطَتْ
81,16,الْجَوَارِ الْكُنَّسِ
81,17,وَاللَّيْلِ إِذَا عَسْعَسَ
81,18,وَالصُّبْحِ إِذَا تَنَفَّسَ
82,1,بِسْمِ اللَّهِ الرَّحْمَـٰنِ الرَّحِيمِ إِذَا السَّمَاءُ انفَطَرَتْ
82,2,وَإِذَا الْكَوَاكِبُ انتَثَرَتْ
82,3,وَإِذَا الْبِحَارُ فُجِّرَتْ
82,4,وَإِذَا الْقُبُورُ بُعْثِرَتْ
82,11,كِرَامًا كَاتِبِينَ
83,3,وَإِذَا كَالُوهُمْ أَو وَّزَنُوهُمْ يُخْسِرُونَ
83,23,عَلَى الْأَرَائِكِ يَنظُرُونَ
83,25,يُسْقَوْنَ مِن رَّحِيقٍ مَّخْتُومٍ
83,26,خِتَامُهُ مِسْكٌ وَفِي ذَٰلِكَ فَلْيَتَنَافَسِ الْمُتَنَافِسُونَ
83,27,وَمِزَاجُهُ مِن تَسْنِيمٍ
83,28,عَيْنًا يَشْرَبُ بِهَا الْمُقَرَّبُونَ
83,30,وَإِذَا مَرُّوا بِهِمْ يَتَغَامَزُونَ
83,35,عَلَى الْأَرَائِكِ يَنظُرُونَ
84,1,بِسْمِ اللَّهِ الرَّحْمَـٰنِ الرَّحِيمِ إِذَا السَّمَاءُ انشَقَّتْ
84,3,وَإِذَا الْأَرْضُ مُدَّتْ
84,4,وَأَلْقَتْ مَا فِيهَا وَتَخَلَّتْ
84,17,وَاللَّيْلِ وَمَا وَسَقَ
84,18,وَالْقَمَرِ إِذَا اتَّسَقَ
84,19,لَتَرْكَبُنَّ طَبَقًا عَن طَبَقٍ
84,21,وَإِذَا قُرِئَ عَلَيْهِمُ الْقُرْآنُ لَا يَسْجُدُونَ
85,1,بِسْمِ اللَّهِ الرَّحْمَـٰنِ الرَّحِيمِ وَالسَّمَاءِ ذَاتِ الْبُرُوجِ
85,5,النَّارِ ذَاتِ الْوَقُودِ
85,13,إِنَّهُ هُوَ يُبْدِئُ وَيُعِيدُ
85,20,وَاللَّهُ مِن وَرَائِهِم مُّحِيطٌ
85,22,فِي لَوْحٍ مَّحْفُوظٍ
86,1,بِسْمِ اللَّهِ الرَّحْمَـٰنِ الرَّحِيمِ وَالسَّمَاءِ وَالطَّارِقِ
86,3,النَّجْمُ الثَّاقِبُ
86,5,فَلْيَنظُرِ الْإِنسَانُ مِمَّ خُلِقَ
86,6,خُلِقَ مِن مَّاءٍ دَافِقٍ
86,9,يَوْمَ تُبْلَى السَّرَائِرُ
86,10,فَمَا لَهُ مِن قُوَّةٍ وَلَا نَاصِرٍ
86,11,وَالسَّمَاءِ ذَاتِ الرَّجْعِ
86,12,وَالْأَرْضِ ذَاتِ الصَّدْعِ
87,4,وَالَّذِي أَخْرَجَ الْمَرْعَىٰ
87,5,فَجَعَلَهُ غُثَاءً أَحْوَىٰ
87,6,سَنُقْرِئُكَ فَلَا تَنسَىٰ
87,8,وَنُيَسِّرُكَ لِلْيُسْرَىٰ
87,11,وَيَتَجَنَّبُهَا الْأَشْقَى
87,12,الَّذِي يَصْلَى النَّارَ الْكُبْرَىٰ
88,2,وُجُوهٌ يَوْمَئِذٍ خَاشِعَةٌ
88,3,عَامِلَةٌ نَّاصِبَةٌ
88,4,تَصْلَىٰ نَارًا حَامِيَةً
88,5,تُسْقَىٰ مِنْ عَيْنٍ آنِيَةٍ
88,11,لَّا تَسْمَعُ فِيهَا لَاغِيَةً
88,12,فِيهَا عَيْنٌ جَارِيَةٌ
88,13,فِيهَا سُرُرٌ مَّرْفُوعَةٌ
88,14,وَأَكْوَابٌ مَّوْضُوعَةٌ
88,15,وَنَمَارِقُ مَصْفُوفَةٌ
88,16,وَزَرَابِيُّ مَبْثُوثَةٌ
88,18,وَإِلَى السَّمَاءِ كَيْفَ رُفِعَتْ
88,19,وَإِلَى الْجِبَالِ كَيْفَ نُصِبَتْ
89,1,بِسْمِ اللَّهِ الرَّحْمَـٰنِ الرَّحِيمِ وَالْفَجْرِ
89,2,وَلَيَالٍ عَشْرٍ
89,3,وَالشَّفْعِ وَالْوَتْرِ
89,4,وَاللَّيْلِ إِذَا يَسْرِ
89,5,هَلْ فِي ذَٰلِكَ قَسَمٌ لِّذِي حِجْرٍ
89,7,إِرَمَ ذَاتِ الْعِمَادِ
89,8,الَّتِي لَمْ يُخْلَقْ مِثْلُهَا فِي الْبِلَادِ
89,12,فَأَكْثَرُوا فِيهَا الْفَسَادَ
89,16,وَأَمَّا إِذَا مَا ابْتَلَاهُ فَقَدَرَ عَلَيْهِ رِزْقَهُ فَيَقُولُ رَبِّي أَهَانَنِ
89,18,وَلَا تَحَاضُّونَ عَلَىٰ طَعَامِ الْمِسْكِينِ
89,19,وَتَأْكُلُونَ التُّرَاثَ أَكْلًا لَّمًّا
89,26,وَلَا يُوثِقُ وَثَاقَهُ أَحَدٌ
89,27,يَا أَيَّتُهَا النَّفْسُ الْمُطْمَئِنَّةُ
89,28,ارْجِعِي إِلَىٰ رَبِّكِ رَاضِيَةً مَّرْضِيَّةً
89,30,وَادْخُلِي جَنَّتِي
90,4,لَقَدْ خَلَقْنَا الْإِنسَانَ فِي كَبَدٍ
90,8,أَلَمْ نَجْعَل لَّهُ عَيْنَيْنِ
90,11,فَلَا اقْتَحَمَ الْعَقَبَةَ
90,13,فَكُّ رَقَبَةٍ
90,14,أَوْ إِطْعَامٌ فِي يَوْمٍ ذِي مَسْغَبَةٍ
90,15,يَتِيمًا ذَا مَقْرَبَةٍ
90,16,أَوْ مِسْكِينًا ذَا مَتْرَبَةٍ
90,20,عَلَيْهِمْ نَارٌ مُّؤْصَدَةٌ
91,1,بِسْمِ اللَّهِ الرَّحْمَـٰنِ الرَّحِيمِ وَالشَّمْسِ وَضُحَاهَا
91,2,وَالْقَمَرِ إِذَا تَلَاهَا
91,3,وَالنَّهَارِ إِذَا جَلَّاهَا
91,4,وَاللَّيْلِ إِذَا يَغْشَاهَا
91,5,وَالسَّمَاءِ وَمَا بَنَاهَا
92,1,بِسْمِ اللَّهِ الرَّحْمَـٰنِ الرَّحِيمِ وَاللَّيْلِ إِذَا يَغْشَىٰ
92,2,وَالنَّهَارِ إِذَا تَجَلَّىٰ
92,5,فَأَمَّا مَنْ أَعْطَىٰ وَاتَّقَىٰ
92,7,فَسَنُيَسِّرُهُ لِلْيُسْرَىٰ
92,10,فَسَنُيَسِّرُهُ لِلْعُسْرَىٰ
92,15,لَا يَصْلَاهَا إِلَّا الْأَشْقَى
92,17,وَسَيُجَنَّبُهَا الْأَتْقَى
93,1,بِسْمِ اللَّهِ الرَّحْمَـٰنِ الرَّحِيمِ وَالضُّحَىٰ
93,2,وَاللَّيْلِ إِذَا سَجَىٰ
93,6,أَلَمْ يَجِدْكَ يَتِيمًا فَآوَىٰ
94,3,الَّذِي أَنقَضَ ظَهْرَكَ
94,5,فَإِنَّ مَعَ الْعُسْرِ يُسْرًا
94,6,إِنَّ مَعَ الْعُسْرِ يُسْرًا
94,7,فَإِذَا فَرَغْتَ فَانصَبْ
95,1,بِّسْمِ اللَّهِ الرَّحْمَـٰنِ الرَّحِيمِ وَالتِّينِ وَالزَّيْتُونِ
95,5,ثُمَّ رَدَدْنَاهُ أَسْفَلَ سَافِلِينَ
97,1,بِّسْمِ اللَّهِ الرَّحْمَـٰنِ الرَّحِيمِ إِنَّا أَنزَلْنَاهُ فِي لَيْلَةِ الْقَدْرِ
97,2,وَمَا أَدْرَاكَ مَا لَيْلَةُ الْقَدْرِ
97,3,لَيْلَةُ الْقَدْرِ خَيْرٌ مِّنْ أَلْفِ شَهْرٍ
97,5,سَلَامٌ هِيَ حَتَّىٰ مَطْلَعِ الْفَجْرِ
99,1,بِسْمِ اللَّهِ الرَّحْمَـٰنِ الرَّحِيمِ إِذَا زُلْزِلَتِ الْأَرْضُ زِلْزَالَهَا
99,2,وَأَخْرَجَتِ الْأَرْضُ أَثْقَالَهَا
100,1,بِسْمِ اللَّهِ الرَّحْمَـٰنِ الرَّحِيمِ وَالْعَادِيَاتِ ضَبْحًا
100,2,فَالْمُورِيَاتِ قَدْحًا
100,3,فَالْمُغِيرَاتِ صُبْحًا
100,9,أَفَلَا يَعْلَمُ إِذَا بُعْثِرَ مَا فِي الْقُبُورِ
100,10,وَحُصِّلَ مَا فِي الصُّدُورِ
101,5,وَتَكُونُ الْجِبَالُ كَالْعِهْنِ الْمَنفُوشِ
101,7,فَهُوَ فِي عِيشَةٍ رَّاضِيَةٍ
102,7,ثُمَّ لَتَرَوُنَّهَا عَيْنَ الْيَقِينِ
103,1,بِسْمِ اللَّهِ الرَّحْمَـٰنِ الرَّحِيمِ وَالْعَصْرِ
104,4,كَلَّا لَيُنبَذَنَّ فِي الْحُطَمَةِ
104,9,فِي عَمَدٍ مُّمَدَّدَةٍ
105,4,تَرْمِيهِم بِحِجَارَةٍ مِّن سِجِّيلٍ
105,5,فَجَعَلَهُمْ كَعَصْفٍ مَّأْكُولٍ
106,1,بِسْمِ اللَّهِ الرَّحْمَـٰنِ الرَّحِيمِ لِإِيلَافِ قُرَيْشٍ
106,2,إِيلَافِهِمْ رِحْلَةَ الشِّتَاءِ وَالصَّيْفِ
107,3,وَلَا يَحُضُّ عَلَىٰ طَعَامِ الْمِسْكِينِ
107,7,وَيَمْنَعُونَ الْمَاعُونَ
108,1,بِسْمِ اللَّهِ الرَّحْمَـٰنِ الرَّحِيمِ إِنَّا أَعْطَيْنَاكَ الْكَوْثَرَ
111,3,سَيَصْلَىٰ نَارًا ذَاتَ لَهَبٍ
112,4,وَلَمْ يَكُن لَّهُ كُفُوًا أَحَدٌ
113,3,وَمِن شَرِّ غَاسِقٍ إِذَا وَقَبَ
113,5,وَمِن شَرِّ حَاسِدٍ إِذَا حَسَدَ
114,4,مِن شَرِّ الْوَسْوَاسِ الْخَنَّاسِ
114,5,الَّذِي يُوَسْوِسُ فِي صُدُورِ النَّاسِ
